{"learner":{"attributes":{},"feature_names":["category","market_type","indicator","trend_dir","score","rsi","body","ema50","ema200","atr","dist","relative_momentum","symbol_enc","side_enc","raw_market_type_enc"],"feature_types":["float","float","float","float","float","float","float","float","float","float","float","float","float","float","float"],"gradient_booster":{"model":{"gbtree_model_param":{"num_parallel_tree":"1","num_trees":"5"},"iteration_indptr":[0,1,2,3,4,5],"tree_info":[0,0,0,0,0],"trees":[{"base_weights":[2.4671974E-2,-1.28063E-1,1.281206E-1,1.3025677E-1,-2.2114702E-1,1.9075897E-1,-9.091333E-2,6.531803E-2,2.9952183E-2,2.6206943E-1,-1.0061556E-1,2.9212361E-2,-3.6367394E-3,-1.3941994E-2,6.6016684E-3,9.330971E-3,-1.8098696E-1,-5.7173823E-3,1.6508704E-2,-1.821555E-2,4.0931315E-3,3.3914587E-3,-1.7836008E-2],"categories":[],"categories_nodes":[],"categories_segments":[],"categories_sizes":[],"default_left":[0,0,0,0,0,0,0,0,0,0,0,0,0,0,0,0,0,0,0,0,0,0,0],"id":0,"left_children":[1,3,5,17,19,7,15,9,-1,11,13,-1,-1,-1,-1,-1,21,-1,-1,-1,-1,-1,-1],"loss_changes":[4.8931346E0,3.9023507E0,3.0987883E0,1.6641022E0,1.4862008E0,3.2506323E0,1.8767163E0,5.3268704E0,0E0,4.0991726E0,2.2562056E0,0E0,0E0,0E0,0E0,0E0,1.3314446E0,0E0,0E0,0E0,0E0,0E0,0E0],"parents":[2147483647,0,0,1,1,2,2,5,5,7,7,9,9,10,10,6,6,3,3,4,4,16,16],"right_children":[2,4,6,18,20,8,16,10,-1,12,14,-1,-1,-1,-1,-1,22,-1,-1,-1,-1,-1,-1],"split_conditions":[1.35E-3,7.766E-1,2.1354144E2,7.693E-1,1.35936E0,2.1165189E2,8.538E-2,1.34181E0,2.9952183E-2,5.14E1,7.82235E-1,2.9212361E-2,-3.6367394E-3,-1.3941994E-2,6.6016684E-3,9.330971E-3,8.137E-2,-5.7173823E-3,1.6508704E-2,-1.821555E-2,4.0931315E-3,3.3914587E-3,-1.7836008E-2],"split_indices":[10,8,7,8,7,8,10,8,0,5,11,0,0,0,0,0,9,0,0,0,0,0,0],"split_type":[0,0,0,0,0,0,0,0,0,0,0,0,0,0,0,0,0,0,0,0,0,0,0],"sum_hessian":[2.5018816E2,9.5495384E1,1.5469278E2,2.0219685E1,7.5275696E1,1.257031E2,2.898967E1,1.0694508E2,1.875802E1,4.3119087E1,6.3825993E1,2.5091898E1,1.802719E1,4.5311584E1,1.851441E1,2.4361067E0,2.6553562E1,6.0902667E0,1.4129418E1,7.210876E1,3.1669385E0,5.6030455E0,2.0950518E1],"tree_param":{"num_deleted":"0","num_feature":"15","num_nodes":"23","size_leaf_vector":"1"}},{"base_weights":[-1.6902044E-2,-1.0574272E-1,7.5875394E-2,-1.7795146E-1,1.14083E-2,1.7827699E-1,-5.389075E-2,-1.4717172E-2,1.7018472E-1,-6.5268115E-3,2.256605E-1,2.662644E-1,-4.411104E-3,2.3124889E-2,-1.968577E-3,-3.0732134E-3,2.010121E-2,-2.3485366E-2,-6.5974064E-2,6.925408E-2,-1.7919427E-2,-7.3738457E-3,1.0274528E-2],"categories":[],"categories_nodes":[],"categories_segments":[],"categories_sizes":[],"default_left":[0,0,0,0,0,0,0,0,0,0,0,0,0,0,0,0,0,0,0,0,0,0,0],"id":1,"left_children":[1,3,5,17,-1,9,7,-1,15,-1,11,13,-1,-1,-1,-1,-1,-1,19,21,-1,-1,-1],"loss_changes":[2.6512678E0,3.9771118E0,2.4317298E0,1.5081367E0,0E0,1.9230869E0,4.007371E0,0E0,1.661642E0,0E0,1.6999974E0,1.8986735E0,0E0,0E0,0E0,0E0,0E0,0E0,3.647424E0,1.6012686E0,0E0,0E0,0E0],"parents":[2147483647,0,0,1,1,2,2,6,6,5,5,10,10,11,11,8,8,3,3,18,18,19,19],"right_children":[2,4,6,18,-1,10,8,-1,16,-1,12,14,-1,-1,-1,-1,-1,-1,20,22,-1,-1,-1],"split_conditions":[1E0,8.8E1,6.2E-4,-1.030556E0,1.14083E-2,7.693E-1,5.635E1,-1.4717172E-2,1.0706E-1,-6.5268115E-3,3.28E-3,1.250513E0,-4.411104E-3,2.3124889E-2,-1.968577E-3,-3.0732134E-3,2.010121E-2,-2.3485366E-2,1.029443E0,3.917E1,-1.7919427E-2,-7.3738457E-3,1.0274528E-2],"split_indices":[13,6,9,11,0,8,5,0,10,0,10,11,0,0,0,0,0,0,11,5,0,0,0],"split_type":[0,0,0,0,0,0,0,0,0,0,0,0,0,0,0,0,0,0,0,0,0,0,0],"sum_hessian":[2.615302E2,1.3536378E2,1.2616642E2,1.15879845E2,1.9483946E1,6.7429924E1,5.8736492E1,3.8514294E1,2.0222198E1,3.8942604E0,6.3535667E1,5.9637306E1,3.8983593E0,4.989965E1,9.737656E0,1.0705498E1,9.5167E0,2.311906E1,9.276078E1,6.1586845E1,3.1173937E1,1.2168874E1,4.9417973E1],"tree_param":{"num_deleted":"0","num_feature":"15","num_nodes":"23","size_leaf_vector":"1"}},{"base_weights":[3.5655264E-2,-1.5454741E-1,1.16718434E-1,8.54399E-3,-2.7446246E-1,-2.502219E-2,4.049991E-3,1.5792613E-1,-7.7549934E-2,-6.8162307E-3,2.0634563E-1,2.574193E-1,-1.8688574E-3,-1.1445206E-2,1.4823749E-2,3.1399623E-1,-0E0,8.229509E-3,-1.4388054E-2,-1.1728324E-3,3.4363416E-1,2.6433755E-2,-2.2263364E-3],"categories":[],"categories_nodes":[],"categories_segments":[],"categories_sizes":[],"default_left":[0,0,0,0,0,0,0,0,0,0,0,0,0,0,0,0,0,0,0,0,0,0,0],"id":2,"left_children":[1,3,7,-1,5,-1,-1,9,17,-1,11,15,13,-1,-1,19,-1,-1,-1,-1,21,-1,-1],"loss_changes":[4.9567437E0,4.2176666E0,2.1898353E0,0E0,2.6539888E0,0E0,0E0,3.0416093E0,2.0292244E0,0E0,2.0607605E0,2.2289572E0,2.9126265E0,0E0,0E0,1.5607805E0,0E0,0E0,0E0,0E0,1.5679922E0,0E0,0E0],"parents":[2147483647,0,0,1,1,4,4,2,2,7,7,10,10,12,12,11,11,8,8,15,15,20,20],"right_children":[2,4,8,-1,6,-1,-1,10,18,-1,12,16,14,-1,-1,20,-1,-1,-1,-1,22,-1,-1],"split_conditions":[9.4E-4,7.7547E-1,2.1372334E2,8.54399E-3,6.229E1,-2.502219E-2,4.049991E-3,3.757E1,4.223E1,-6.8162307E-3,6E1,1.029443E0,1.9349E-1,-1.1445206E-2,1.4823749E-2,-2.115869E0,-0E0,8.229509E-3,-1.4388054E-2,-1.1728324E-3,8.808E-2,2.6433755E-2,-2.2263364E-3],"split_indices":[10,8,7,0,5,0,0,5,5,0,5,11,10,0,0,11,0,0,0,0,9,0,0],"split_type":[0,0,0,0,0,0,0,0,0,0,0,0,0,0,0,0,0,0,0,0,0,0,0],"sum_hessian":[2.5986118E2,6.717212E1,1.9268904E2,1.8796743E1,4.8375378E1,4.0107674E1,8.267706E0,1.664414E2,2.6247637E1,1.995837E1,1.4648305E2,1.1478565E2,3.1697392E1,2.38671E1,7.8302917E0,9.018421E1,2.4601439E1,8.743259E0,1.750438E1,6.5662327E0,8.361798E1,8.092853E1,2.6894493E0],"tree_param":{"num_deleted":"0","num_feature":"15","num_nodes":"23","size_leaf_vector":"1"}},{"base_weights":[-3.9756957E-2,1.3357197E-1,-1.12523265E-1,-1.79018E-1,7.280997E-2,2.1805838E-1,-6.524655E-3,-4.159387E-3,2.2658186E-2,-4.505874E-3,1.425684E-2,-5.0096866E-2,-1.8895844E-2,-1.970538E-2,1.0745531E-1,2.2614534E-1,-5.850367E-2,6.5826797E-3,-1.3006186E-2,-3.6702964E-3,2.8653386E-1,2.4565546E-2,-8.114758E-4],"categories":[],"categories_nodes":[],"categories_segments":[],"categories_sizes":[],"default_left":[0,0,0,0,0,0,0,0,0,0,0,0,0,0,0,0,0,0,0,0,0,0,0],"id":3,"left_children":[1,5,3,11,9,7,-1,-1,-1,-1,-1,13,-1,-1,15,19,17,-1,-1,-1,21,-1,-1],"loss_changes":[4.0913167E0,2.4939609E0,3.2087076E0,1.2901602E0,1.7631158E0,2.871593E0,0E0,0E0,0E0,0E0,0E0,4.797847E0,0E0,0E0,2.1335874E0,1.5402534E0,1.5576816E0,0E0,0E0,0E0,1.20925E0,0E0,0E0],"parents":[2147483647,0,0,2,2,1,1,5,5,4,4,3,3,11,11,14,14,16,16,15,15,20,20],"right_children":[2,6,4,12,10,8,-1,-1,-1,-1,-1,14,-1,-1,16,20,18,-1,-1,-1,22,-1,-1],"split_conditions":[7.5E1,1.029443E0,8.7E1,2.09E-3,5.132E1,4.364E1,-6.524655E-3,-4.159387E-3,2.2658186E-2,-4.505874E-3,1.425684E-2,5E0,-1.8895844E-2,-1.970538E-2,8.1E1,7.7389E-1,4.975E1,6.5826797E-3,-1.3006186E-2,-3.6702964E-3,1.163324E0,2.4565546E-2,-8.114758E-4],"split_indices":[6,11,6,10,5,5,0,0,0,0,0,0,0,0,6,7,5,0,0,0,11,0,0],"split_type":[0,0,0,0,0,0,0,0,0,0,0,0,0,0,0,0,0,0,0,0,0,0,0],"sum_hessian":[2.615824E2,6.7294174E1,1.9428821E2,1.4649377E2,4.779444E1,5.1726425E1,1.556775E1,1.4616409E1,3.7110012E1,2.7307554E1,2.0486887E1,7.9260025E1,6.723374E1,2.5682964E1,5.357706E1,2.7520693E1,2.6056368E1,1.2431121E1,1.3625248E1,3.6648693E0,2.3855824E1,1.8522871E1,5.3329515E0],"tree_param":{"num_deleted":"0","num_feature":"15","num_nodes":"23","size_leaf_vector":"1"}},{"base_weights":[1.2397487E-2,-2.2591683E-1,1.3393804E-1,2.1339406E-1,-9.8473E-2,3.6388252E-2,3.4272468E-1,4.4871938E-1,-3.7250204E-3,-2.8117692E-1,3.998236E-3,-7.4668513E-3,1.482259E-1,2.3973607E-1,-9.324297E-3,-4.723357E-3,2.4077952E-2,3.447959E-2,-1.4642052E-3,-1.3876815E-2,4.734313E-3,-2.2230659E-2,2.558476E-3],"categories":[],"categories_nodes":[],"categories_segments":[],"categories_sizes":[],"default_left":[0,0,0,0,0,0,0,0,0,0,0,0,0,0,0,0,0,0,0,0,0,0,0],"id":4,"left_children":[1,9,3,5,19,11,7,17,-1,21,-1,-1,13,15,-1,-1,-1,-1,-1,-1,-1,-1,-1],