{"learner":{"attributes":{},"feature_names":["symbol_id","category","market_type","indicator","trend_dir","score","rsi","body","ema50","ema200","atr","dist","relative_momentum","side_enc","raw_market_type_enc"],"feature_types":["float","float","float","float","float","float","float","float","float","float","float","float","float","float","float"],"gradient_booster":{"model":{"gbtree_model_param":{"num_parallel_tree":"1","num_trees":"4"},"iteration_indptr":[0,1,2,3,4],"tree_info":[0,0,0,0],"trees":[{"base_weights":[2.6496073E-2,1.220969E-1,-2.477731E-2,3.7800646E-4,7.2467804E-2,1.4435955E-2,-1.7563608E-2],"categories":[],"categories_nodes":[],"categories_segments":[],"categories_sizes":[],"default_left":[0,0,0,0,0,0,0],"id":0,"left_children":[1,3,-1,5,-1,-1,-1],"loss_changes":[5.5206866E0,1.3923679E1,0E0,6.2470803E0,0E0,0E0,0E0],"parents":[2147483647,0,0,1,1,3,3],"right_children":[2,4,-1,6,-1,-1,-1],"split_conditions":[6.015E1,5.718E1,-2.477731E-2,4.683E1,7.2467804E-2,1.4435955E-2,-1.7563608E-2],"split_indices":[6,6,0,6,0,0,0],"split_type":[0,0,0,0,0,0,0],"sum_hessian":[1.4006209E2,1.1375718E2,2.6304905E1,1.015277E2,1.2229473E1,5.5840237E1,4.5687466E1],"tree_param":{"num_deleted":"0","num_feature":"15","num_nodes":"7","size_leaf_vector":"1"}},{"base_weights":[-2.3946486E-2,7.682545E-2,-2.9923027E-2,1.350569E-1,4.7591355E-2,4.5130453E-3,-9.720826E-2],"categories":[],"categories_nodes":[],"categories_segments":[],"categories_sizes":[],"default_left":[0,0,0,0,0,0,0],"id":1,"left_children":[1,3,-1,-1,5,-1,-1],"loss_changes":[6.3643584E0,6.8437004E0,0E0,0E0,4.0410056E0,0E0,0E0],"parents":[2147483647,0,0,1,1,4,4],"right_children":[2,4,-1,-1,6,-1,-1],"split_conditions":[1.8576E-1,6.1E1,-2.9923027E-2,1.350569E-1,7.128E1,4.5130453E-3,-9.720826E-2],"split_indices":[11,7,0,0,6,0,0],"split_type":[0,0,0,0,0,0,0],"sum_hessian":[1.4262836E2,1.1614302E2,2.6485329E1,1.6143624E0,1.1452866E2,1.1292474E2,1.6039181E0],"tree_param":{"num_deleted":"0","num_feature":"15","num_nodes":"7","size_leaf_vector":"1"}},{"base_weights":[-2.148343E-2,-9.700376E-2,-8.968152E-3,1.2328709E-2,-9.4950564E-2,5.891825E-3,-2.1184765E-2],"categories":[],"categories_nodes":[],"categories_segments":[],"categories_sizes":[],"default_left":[0,0,0,0,0,0,0],"id":2,"left_children":[1,-1,3,5,-1,-1,-1],"loss_changes":[2.6404173E0,0E0,4.469474E0,3.8020597E0,0E0,0E0,0E0],"parents":[2147483647,0,0,2,2,3,3],"right_children":[2,-1,4,6,-1,-1,-1],"split_conditions":[2E-4,-9.700376E-2,7.128E1,1.7902E-1,-9.4950564E-2,5.891825E-3,-2.1184765E-2],"split_indices":[10,0,6,11,0,0,0],"split_type":[0,0,0,0,0,0,0],"sum_hessian":[1.4304742E2,1.1521715E0,1.4189525E2,1.3988487E2,2.0103822E0,1.1359302E2,2.6291847E1],"tree_param":{"num_deleted":"0","num_feature":"15","num_nodes":"7","size_leaf_vector":"1"}},{"base_weights":[-7.443526E-2,8.005898E-2,-9.412743E-2,9.359727E-3,-2.4537776E-1,-1.7293772E-2,1.7128685E-1],"categories":[],"categories_nodes":[],"categories_segments":[],"categories_sizes":[],"default_left":[0,0,0,0,0,0,0],"id":3,"left_children":[1,-1,3,-1,5,-1,-1],"loss_changes":[3.7703915E0,0E0,5.2076244E0,0E0,6.136807E0,0E0,0E0],"parents":[2147483647,0,0,2,2,4,4],"right_children":[2,-1,4,-1,6,-1,-1],"split_conditions":[1.8E-4,8.005898E-2,7.7E1,9.359727E-3,1.0383E-1,-1.7293772E-2,1.7128685E-1],"split_indices":[11,0,7,0,10,0,0],"split_type":[0,0,0,0,0,0,0],"sum_hessian":[1.454982E2,2.0974767E0,1.4340073E2,5.5402447E1,8.7998276E1,8.731026E1,6.8802506E-1],"tree_param":{"num_deleted":"0","num_feature":"15","num_nodes":"7","size_leaf_vector":"1"}}]},"name":"gbtree"},"learner_model_param":{"base_score":"3.612368E-1","boost_from_average":"1","num_class":"0","num_feature":"15","num_target":"1"},"objective":{"name":"binary:logistic","reg_loss_param":{"scale_pos_weight":"1"}}},"version":[2,1,4]}