{"learner":{"attributes":{},"feature_names":["entry_price","symbol_enc","side_enc"],"feature_types":["float","float","float"],"gradient_booster":{"model":{"gbtree_model_param":{"num_parallel_tree":"1","num_trees":"6"},"iteration_indptr":[0,1,2,3,4,5,6],"tree_info":[0,0,0,0,0,0],"trees":[{"base_weights":[-1.6021612E-3,1.6587663E-2,-4.8351903E-2,-7.820097E-3,8.62422E-2,7.710771E-3,-8.3431965E-3],"categories":[],"categories_nodes":[],"categories_segments":[],"categories_sizes":[],"default_left":[0,0,0,0,0,0,0],"id":0,"left_children":[1,-1,3,-1,5,-1,-1],"loss_changes":[3.9401727E0,0E0,3.6528215E0,0E0,3.1300564E0,0E0,0E0],"parents":[2147483647,0,0,2,2,4,4],"right_children":[2,-1,4,-1,6,-1,-1],"split_conditions":[7.76105E-1,1.6587663E-2,1.372495E0,-7.820097E-3,2.1341313E2,7.710771E-3,-8.3431965E-3],"split_indices":[0,0,0,0,0,0,0],"split_type":[0,0,0,0,0,0,0],"sum_hessian":[1.9639883E2,1.5466408E1,1.8093242E2,8.715198E1,9.378044E1,7.119457E1,2.2585865E1],"tree_param":{"num_deleted":"0","num_feature":"3","num_nodes":"7","size_leaf_vector":"1"}},{"base_weights":[-1.2892394E-3,1.6074724E-2,-4.6652492E-2,-7.5262925E-3,8.2596116E-2,7.410855E-3,-8.080695E-3],"categories":[],"categories_nodes":[],"categories_segments":[],"categories_sizes":[],"default_left":[0,0,0,0,0,0,0],"id":1,"left_children":[1,-1,3,-1,5,-1,-1],"loss_changes":[3.701792E0,0E0,3.3720758E0,0E0,2.9140382E0,0E0,0E0],"parents":[2147483647,0,0,2,2,4,4],"right_children":[2,-1,4,-1,6,-1,-1],"split_conditions":[7.76105E-1,1.6074724E-2,1.372495E0,-7.5262925E-3,2.1341313E2,7.410855E-3,-8.080695E-3],"split_indices":[0,0,0,0,0,0,0],"split_type":[0,0,0,0,0,0,0],"sum_hessian":[1.9638654E2,1.5499825E1,1.8088672E2,8.705927E1,9.3827446E1,7.126724E1,2.256021E1],"tree_param":{"num_deleted":"0","num_feature":"3","num_nodes":"7","size_leaf_vector":"1"}},{"base_weights":[-9.967956E-4,1.5579549E-2,-4.5014955E-2,-1.4646086E-2,-1.188304E-2,-3.74028E-3,3.3232398E-4],"categories":[],"categories_nodes":[],"categories_segments":[],"categories_sizes":[],"default_left":[0,0,0,0,0,0,0],"id":2,"left_children":[1,-1,3,5,-1,-1,-1],"loss_changes":[3.4781997E0,0E0,1.3516772E0,3.0229685E-1,0E0,0E0,0E0],"parents":[2147483647,0,0,2,2,3,3],"right_children":[2,-1,4,6,-1,-1,-1],"split_conditions":[7.76105E-1,1.5579549E-2,5E0,1E0,-1.188304E-2,-3.74028E-3,3.3232398E-4],"split_indices":[0,0,1,1,0,0,0],"split_type":[0,0,0,0,0,0,0],"sum_hessian":[1.9636778E2,1.553027E1,1.8083751E2,1.6662871E2,1.4208803E1,3.405213E1,1.3257658E2],"tree_param":{"num_deleted":"0","num_feature":"3","num_nodes":"7","size_leaf_vector":"1"}},{"base_weights":[-9.484857E-4,1.3911416E-2,-4.78573E-2,-1.8617992E-1,3.2554914E-3,-1.7959516E-3,-2.1594008E-2],"categories":[],"categories_nodes":[],"categories_segments":[],"categories_sizes":[],"default_left":[0,0,0,0,0,0,0],"id":3,"left_children":[1,-1,3,5,-1,-1,-1],"loss_changes":[3.3099363E0,0E0,3.3049142E0,4.1556597E0,0E0,0E0,0E0],"parents":[2147483647,0,0,2,2,3,3],"right_children":[2,-1,4,6,-1,-1,-1],"split_conditions":[7.77065E-1,1.3911416E-2,1.372495E0,3E0,3.2554914E-3,-1.7959516E-3,-2.1594008E-2],"split_indices":[0,0,0,1,0,0,0],"split_type":[0,0,0,0,0,0,0],"sum_hessian":[1.9635878E2,1.9226324E1,1.7713246E2,8.325856E1,9.38739E1,6.343288E1,1.9825678E1],"tree_param":{"num_deleted":"0","num_feature":"3","num_nodes":"7","size_leaf_vector":"1"}},{"base_weights":[-1.1065389E-3,1.3461482E-2,-4.6582695E-2,-1.8029532E-1,3.1281367E-3,-1.7288347E-3,-2.0968735E-2],"categories":[],"categories_nodes":[],"categories_segments":[],"categories_sizes":[],"default_left":[0,0,0,0,0,0,0],"id":4,"left_children":[1,-1,3,5,-1,-1,-1],"loss_changes":[3.1070232E0,0E0,3.0839326E0,3.9183686E0,0E0,0E0,0E0],"parents":[2147483647,0,0,2,2,3,3],"right_children":[2,-1,4,6,-1,-1,-1],"split_conditions":[7.77065E-1,1.3461482E-2,1.372495E0,3E0,3.1281367E-3,-1.7288347E-3,-2.0968735E-2],"split_indices":[0,0,0,1,0,0,0],"split_type":[0,0,0,0,0,0,0],"sum_hessian":[1.963485E2,1.9256859E1,1.7709163E2,8.317815E1,9.391349E1,6.3416584E1,1.9761564E1],"tree_param":{"num_deleted":"0","num_feature":"3","num_nodes":"7","size_leaf_vector":"1"}},{"base_weights":[-1.254406E-3,1.4265135E-2,-4.1744106E-2,-6.70435E-3,7.274669E-2,6.8625435E-3,-8.037769E-3],"categories":[],"categories_nodes":[],"categories_segments":[],"categories_sizes":[],"default_left":[0,0,0,0,0,0,0],"id":5,"left_children":[1,-1,3,-1,5,-1,-1],"loss_changes":[2.9324703E0,0E0,2.6542544E0,0E0,2.7027826E0,0E0,0E0],"parents":[2147483647,0,0,2,2,4,4],"right_children":[2,-1,4,-1,6,-1,-1],"split_conditions":[7.76105E-1,1.4265135E-2,1.372495E0,-6.70435E-3,2.1341313E2,6.8625435E-3,-8.037769E-3],"split_indices":[0,0,0,0,0,0,0],"split_type":[0,0,0,0,0,0,0],"sum_hessian":[1.963318E2,1.5602151E1,1.8072964E2,8.677857E1,9.395108E1,7.139514E1,2.255594E1],"tree_param":{"num_deleted":"0","num_feature":"3","num_nodes":"7","size_leaf_vector":"1"}}]},"name":"gbtree"},"learner_model_param":{"base_score":"4.329071E-1","boost_from_average":"1","num_class":"0","num_feature":"3","num_target":"1"},"objective":{"name":"binary:logistic","reg_loss_param":{"scale_pos_weight":"1"}}},"version":[2,1,4]}