{"learner":{"attributes":{},"feature_names":["category","market_type","indicator","trend_dir","score","rsi","body","ema50","ema200","atr","dist","relative_momentum","symbol_enc","side_enc","raw_market_type_enc"],"feature_types":["float","float","float","float","float","float","float","float","float","float","float","float","float","float","float"],"gradient_booster":{"model":{"gbtree_model_param":{"num_parallel_tree":"1","num_trees":"6"},"iteration_indptr":[0,1,2,3,4,5,6],"tree_info":[0,0,0,0,0,0],"trees":[{"base_weights":[-1.6258083E-2,-1.2615593E-1,4.482007E-1,-6.7382514E-1,-2.9121868E-2,-6.5713604E-3,-5.768229E-1,3.8752386E-1,6.210068E-4,-3.1521657E-1,5.3634703E-2,2.1677773E-1,-6.9432914E-1,-3.5405554E-2,-5.509502E-1],"categories":[],"categories_nodes":[],"categories_segments":[],"categories_sizes":[],"default_left":[0,0,0,0,0,0,0,0,0,0,0,0,0,0,0],"id":0,"left_children":[1,3,7,5,9,-1,-1,-1,-1,11,-1,-1,13,-1,-1],"loss_changes":[5.6541004E0,4.7285566E0,3.2801728E0,4.483783E0,3.116754E0,0E0,0E0,0E0,0E0,7.7469187E0,0E0,0E0,4.6480227E0,0E0,0E0],"parents":[2147483647,0,0,1,1,3,3,2,2,4,4,9,9,12,12],"right_children":[2,4,8,6,10,-1,-1,-1,-1,12,-1,-1,14,-1,-1],"split_conditions":[2.1167015E2,4E0,2.1373476E2,4E-4,3E-4,-6.5713604E-3,-5.768229E-1,3.8752386E-1,6.210068E-4,7.7534E-1,5.3634703E-2,2.1677773E-1,-6.75241E-1,-3.5405554E-2,-5.509502E-1],"split_indices":[8,0,8,10,9,0,0,0,0,8,0,0,11,0,0],"split_type":[0,0,0,0,0,0,0,0,0,0,0,0,0,0,0],"sum_hessian":[1.082062E2,8.822217E1,1.9984028E1,1.2185383E1,7.603679E1,5.848984E0,6.336399E0,1.0723137E1,9.260891E0,2.4370766E1,5.1666023E1,8.042353E0,1.6328413E1,7.3112297E0,9.017183E0],"tree_param":{"num_deleted":"0","num_feature":"15","num_nodes":"15","size_leaf_vector":"1"}},{"base_weights":[-3.7712846E-2,1.295681E-2,-5.185428E-1,-1.3167836E-1,3.507631E-1,-5.8607176E-2,6.6372955E-1,-6.49975E-2,-4.2703247E-1,6.133842E-1,3.6322248E-1,4.029181E-1,-8.007005E-2,-2.2975051E-1,1.2330008E-2],"categories":[],"categories_nodes":[],"categories_segments":[],"categories_sizes":[],"default_left":[0,0,0,0,0,0,0,0,0,0,0,0,0,0,0],"id":1,"left_children":[1,3,-1,7,5,-1,9,13,-1,-1,11,-1,-1,-1,-1],"loss_changes":[5.960948E0,5.440671E0,0E0,3.8008804E0,5.016339E0,0E0,3.0528383E0,2.6889846E0,0E0,0E0,3.865484E0,0E0,0E0,0E0,0E0],"parents":[2147483647,0,0,1,1,4,4,3,3,6,6,10,10,7,7],"right_children":[2,4,-1,8,6,-1,10,14,-1,-1,12,-1,-1,-1,-1],"split_conditions":[9.495E-2,5.626E1,-5.185428E-1,5.5E1,1.18266E0,-5.8607176E-2,5.867E1,6.1E-4,-4.2703247E-1,6.133842E-1,5E0,4.029181E-1,-8.007005E-2,-2.2975051E-1,1.2330008E-2],"split_indices":[9,5,0,5,8,0,5,10,0,0,0,0,0,0,0],"split_type":[0,0,0,0,0,0,0,0,0,0,0,0,0,0,0],"sum_hessian":[1.13159035E2,1.08977806E2,4.1812253E0,7.682563E1,3.215218E1,1.3135439E1,1.9016743E1,7.172407E1,5.101556E0,5.0827985E0,1.3933944E1,7.053789E0,6.8801546E0,1.2111744E1,5.9612328E1],"tree_param":{"num_deleted":"0","num_feature":"15","num_nodes":"15","size_leaf_vector":"1"}},{"base_weights":[-2.4936141E-2,1.4094174E-1,-2.0752075E-1,8.841813E-2,-5.060166E-1,-4.4848475E-1,-8.614041E-2,-2.7571777E-1,1.9276163E-1,-5.3460818E-2,4.4328344E-1,3.2690808E-1,-2.0277417E-1,-2.448776E-1,1.0849254E-1],"categories":[],"categories_nodes":[],"categories_segments":[],"categories_sizes":[],"default_left":[0,0,0,0,0,0,0,0,0,0,0,0,0,0,0],"id":2,"left_children":[1,-1,3,9,5,-1,7,-1,-1,11,-1,-1,13,-1,-1],"loss_changes":[6.555054E0,0E0,6.4342585E0,4.4020033E0,6.17649E0,0E0,4.719053E0,0E0,0E0,3.7261746E0,0E0,0E0,3.7323442E0,0E0,0E0],"parents":[2147483647,0,0,2,2,4,4,6,6,3,3,9,9,12,12],"right_children":[2,-1,4,10,6,-1,8,-1,-1,12,-1,-1,14,-1,-1],"split_conditions":[-6.08696E-1,1.4094174E-1,1.93E-3,1.57E-3,1.5418E-1,-4.4848475E-1,4.61741E-1,-2.7571777E-1,1.9276163E-1,3.6E-4,4.4328344E-1,3.2690808E-1,9E-4,-2.448776E-1,1.0849254E-1],"split_indices":[11,0,10,10,10,0,11,0,0,10,0,0,10,0,0],"split_type":[0,0,0,0,0,0,0,0,0,0,0,0,0,0,0],"sum_hessian":[1.11873314E2,4.087765E1,7.099567E1,3.608E1,3.4915665E1,1.6858448E1,1.8057215E1,8.943639E0,9.113576E0,3.1731894E1,4.348107E0,4.6979737E0,2.703392E1,1.5738039E1,1.1295881E1],"tree_param":{"num_deleted":"0","num_feature":"15","num_nodes":"15","size_leaf_vector":"1"}},{"base_weights":[1.298537E-1,8.9822173E-1,4.960792E-2,-1.7230788E-1,2.4901843E-1,-9.66299E-2,2.4975435E-1,2.0104831E-1,-2.1015108E-1,1.6377504E-1,-2.5863853E-1,-3.6082692E-2,4.5330033E-1,9.412247E-2,6.8499947E-1],"categories":[],"categories_nodes":[],"categories_segments":[],"categories_sizes":[],"default_left":[0,0,0,0,0,0,0,0,0,0,0,0,0,0,0],"id":3,"left_children":[1,13,3,7,5,9,-1,11,-1,-1,-1,-1,-1,-1,-1],"loss_changes":[6.924019E0,3.4634E0,4.645011E0,4.917151E0,5.076561E0,4.8800383E0,0E0,4.3360534E0,0E0,0E0,0E0,0E0,0E0,0E0,0E0],"parents":[2147483647,0,0,2,2,4,4,3,3,5,5,7,7,1,1],"right_children":[2,14,4,8,6,10,-1,12,-1,-1,-1,-1,-1,-1,-1],"split_conditions":[2.3E-4,2.55786E-1,1E0,1.18812E0,6E-4,4.805E1,2.4975435E-1,1.72E-3,-2.1015108E-1,1.6377504E-1,-2.5863853E-1,-3.6082692E-2,4.5330033E-1,9.412247E-2,6.8499947E-1],"split_indices":[9,11,13,7,9,5,0,10,0,0,0,0,0,0,0],"split_type":[0,0,0,0,0,0,0,0,0,0,0,0,0,0,0],"sum_hessian":[1.1197335E2,9.411313E0,1.02562035E2,4.8617977E1,5.3944057E1,2.364429E1,3.0299767E1,2.0002798E1,2.8615181E1,1.19758005E1,1.166849E1,1.5314632E1,4.688166E0,4.6375933E0,4.77372E0],"tree_param":{"num_deleted":"0","num_feature":"15","num_nodes":"15","size_leaf_vector":"1"}},{"base_weights":[-1.12298764E-1,-3.524522E-1,8.4148206E-2,3.9712125E-1,-1.0749827E-1,3.2953402E-1,-2.99134E-1,2.0744283E-1,-1.5034077E-1,-2.7163416E-1,-3.860859E-2,-2.4859291E-1,2.3066941E-1,1.815484E-2,-3.7903947E-1],"categories":[],"categories_nodes":[],"categories_segments":[],"categories_sizes":[],"default_left":[0,0,0,0,0,0,0,0,0,0,0,0,0,0,0],"id":4,"left_children":[1,9,3,5,7,-1,-1,-1,-1,-1,11,13,-1,-1,-1],"loss_changes":[5.361518E0,3.247725E0,3.835246E0,7.32036E0,4.4462934E0,0E0,0E0,0E0,0E0,0E0,2.4464805E0,2.4535782E0,0E0,0E0,0E0],"parents":[2147483647,0,0,2,2,3,3,4,4,1,1,10,10,11,11],"right_children":[2,10,4,6,8,-1,-1,-1,-1,-1,12,14,-1,-1,-1],"split_conditions":[2E0,4.61741E-1,8.9317E-1,1.12E-3,7.5E1,3.2953402E-1,-2.99134E-1,2.0744283E-1,-1.5034077E-1,-2.7163416E-1,4E0,1.851852E0,2.3066941E-1,1.815484E-2,-3.7903947E-1],"split_indices":[3,11,7,10,6,0,0,0,0,0,12,11,0,0,0],"split_type":[0,0,0,0,0,0,0,0,0,0,0,0,0,0,0],"sum_hessian":[1.1165355E2,4.9804512E1,6.184904E1,2.2994493E1,3.8854546E1,1.8343319E1,4.651175E0,1.0258103E1,2.8596443E1,2.9582281E1,2.0222229E1,1.4783029E1,5.439201E0,1.0329511E1,4.453518E0],"tree_param":{"num_deleted":"0","num_feature":"15","num_nodes":"15","size_leaf_vector":"1"}},{"base_weights":[-6.967853E-3,-4.6589577E-1,1.207716E-1,-1.8042342E-1,-5.34287E-1,-5.457196E-1,2.867305E-1,-5.125247E-1,1.16882294E-1,-2.2033058E-1,1.07247636E-1,7.238896E-2,-3.5165715E-1,3.3784124E-1,-1.3972692E-1],"categories":[],"categories_nodes":[],"categories_segments":[],"categories_sizes":[],"default_left":[0,0,0,0,0,0,0,0,0,0,0,0,0,0,0],"id":5,"left_children":[1,3,9,5,-1,7,-1,-1,-1,11,-1,13,-1,-1,-1],"loss_changes":[6.4893064E0,4.088792E0,2.9883828E0,5.455059E0,0E0,5.41026E0,0E0,0E0,0E0,3.0122843E0,0E0,3.3146403E0,0E0,0E0,0E0],"parents":[2147483647,0,0,1,1,3,3,5,5,2,2,9,9,11,11],"right_children":[2,4,10,6,-1,8,-1,-1,-1,12,-1,14,-1,-1,-1],"split_conditions":[7.2E1,9.03226E-1,4.226E1,-2.50133E-1,-5.34287E-1,1.3878E0,2.867305E-1,-5.125247E-1,1.16882294E-1,3.903E1,1.07247636E-1,7.9E1,-3.5165715E-1,3.3784124E-1,-1.3972692E-1],"split_indices":[6,11,5,11,0,7,0,0,0,5,0,6,0,0,0],"split_type":[0,0,0,0,0,0,0,0,0,0,0,0,0,0,0],"sum_hessian":[1.0829868E2,2.2879196E1,8.5419495E1,1.6822252E1,6.056944E0,1.16418085E1,5.180443E0,6.8348045E0,4.8070045E0,1.8894861E1,6.652463E1,1.2580993E1,6.313868E0,4.1961737E0,8.384819E0],"tree_param":{"num_deleted":"0","num_feature":"15","num_nodes":"15","size_leaf_vector":"1"}}]},"name":"gbtree"},"learner_model_param":{"base_score":"4.2067575E-1","boost_from_average":"1","num_class":"0","num_feature":"15","num_target":"1"},