{"learner":{"attributes":{},"feature_names":["entry_price","symbol_enc","side_enc"],"feature_types":["float","float","float"],"gradient_booster":{"model":{"gbtree_model_param":{"num_parallel_tree":"1","num_trees":"5"},"iteration_indptr":[0,1,2,3,4,5],"tree_info":[0,0,0,0,0],"trees":[{"base_weights":[1.120242E-1,1.5553677E-1,1.1709191E-2,8.437318E-2,3.3161175E-1,-1.9604605E-1,3.3329386E-1,1.4826862E-2,-9.833742E-1,1.2915103E-1,9.243399E-3,-1.7316057E-1,4.8497802E-1,2.3184036E-1,-9.254506E-1,-1.3622272E-1,4.3731987E-1,1.2345565E-1,-1.5137129E-1,6.369054E-1,-3.4580383E-1,-3.4742457E-1,-5.77955E-1,-4.4251427E-1,-1.3431394E0,-9.823098E-1,4.354333E-1,-3.4760526E-1,-8.561647E-2,1.0993549E0,2.3140661E-1,-1.1025157E-2,4.354333E-1,1.2332744E-1,4.366898E-1,-3.4688324E-1,-4.4154084E-1,4.354333E-1,-3.4688324E-1,4.4506848E-2,-1.5131325E-1,-5.7388067E-2,9.054123E-2,-7.378419E-2,4.3753016E-1,4.371097E-1,-1.3930491E-2,2.7504134E-1,4.1609251E-1,4.3744603E-1,8.711982E-2,3.6701435E-1,-3.4688324E-1,-1.3622272E-1,8.4849024E-1,3.3944422E-1,3.6676776E-1,-1.5113926E-1,1.5203586E-1,5.6553856E-3,-3.4688324E-1,1.01043835E-1,-6.720615E-2],"categories":[],"categories_nodes":[],"categories_segments":[],"categories_sizes":[],"default_left":[0,0,0,0,0,0,0,0,0,0,0,0,0,0,0,0,0,0,0,0,0,0,0,0,0,0,0,0,0,0,0,0,0,0,0,0,0,0,0,0,0,0,0,0,0,0,0,0,0,0,0,0,0,0,0,0,0,0,0,0,0,0,0],"id":0,"left_children":[1,3,41,5,9,7,47,11,23,-1,-1,13,19,15,21,17,-1,-1,-1,29,-1,-1,39,25,27,35,-1,-1,-1,33,31,-1,-1,-1,-1,-1,37,-1,-1,-1,-1,43,45,-1,-1,-1,-1,51,49,-1,61,53,-1,59,55,-1,57,-1,-1,-1,-1,-1,-1],"loss_changes":[3.2722175E-1,6.549555E-1,1.2368435E-1,2.6007586E0,1.4285412E0,2.9094875E0,9.4394445E-2,1.2216179E0,7.179239E-1,0E0,0E0,3.008049E0,1.3607168E0,4.780758E0,1.0366821E0,2.7046657E0,0E0,0E0,0E0,6.9258106E-1,0E0,0E0,4.0411657E-1,2.150321E0,8.9732265E-1,5.35506E-1,0E0,0E0,0E0,9.1862607E-1,1.1489344E0,0E0,0E0,0E0,0E0,0E0,2.6869116E0,0E0,0E0,0E0,0E0,9.038524E0,3.7302296E0,0E0,0E0,0E0,0E0,2.200663E0,4.9261093E0,0E0,1.300839E0,2.6911721E0,0E0,1.4857665E0,2.463604E0,0E0,1.7712958E0,0E0,0E0,0E0,0E0,0E0,0E0],"parents":[2147483647,0,0,1,1,3,3,5,5,4,4,7,7,11,11,13,13,15,15,12,12,14,14,8,8,23,23,24,24,19,19,30,30,29,29,25,25,36,36,22,22,2,2,41,41,42,42,6,6,48,48,47,47,51,51,54,54,56,56,53,53,50,50],"right_children":[2,4,42,6,10,8,48,12,24,-1,-1,14,20,16,22,18,-1,-1,-1,30,-1,-1,40,26,28,36,-1,-1,-1,34,32,-1,-1,-1,-1,-1,38,-1,-1,-1,-1,44,46,-1,-1,-1,-1,52,50,-1,62,54,-1,60,56,-1,58,-1,-1,-1,-1,-1,-1],"split_conditions":[4E0,3E0,5E0,1.179215E0,2.1331097E2,1E0,2E0,8.85655E-1,1.174945E0,1.2915103E-1,9.243399E-3,8.83315E-1,8.94625E-1,8.81825E-1,8.83775E-1,8.65915E-1,4.3731987E-1,1.2345565E-1,-1.5137129E-1,8.90285E-1,-3.4580383E-1,-3.4742457E-1,8.84665E-1,1.174135E0,1.179025E0,1.170405E0,4.354333E-1,-3.4760526E-1,-8.561647E-2,8.89655E-1,8.93615E-1,-1.1025157E-2,4.354333E-1,1.2332744E-1,4.366898E-1,-3.4688324E-1,1.173695E0,4.354333E-1,-3.4688324E-1,4.4506848E-2,-1.5131325E-1,1.389215E0,7.71525E-1,-7.378419E-2,4.3753016E-1,4.371097E-1,-1.3930491E-2,1.8683644E2,1.181575E0,4.3744603E-1,1.186995E0,1.8396722E2,-3.4688324E-1,1.8364279E2,1.8439946E2,3.3944422E-1,1.8473378E2,-1.5113926E-1,1.5203586E-1,5.6553856E-3,-3.4688324E-1,1.01043835E-1,-6.720615E-2],"split_indices":[1,1,1,0,0,1,1,0,0,0,0,0,0,0,0,0,0,0,0,0,0,0,0,0,0,0,0,0,0,0,0,0,0,0,0,0,0,0,0,0,0,0,0,0,0,0,0,0,0,0,0,0,0,0,0,0,0,0,0,0,0,0,0],"split_type":[0,0,0,0,0,0,0,0,0,0,0,0,0,0,0,0,0,0,0,0,0,0,0,0,0,0,0,0,0,0,0,0,0,0,0,0,0,0,0,0,0,0,0,0,0,0,0,0,0,0,0,0,0,0,0,0,0,0,0,0,0,0,0],"sum_hessian":[7.50037E1,5.2305214E1,2.2698488E1,3.7255127E1,1.5050085E1,1.7517311E1,1.9737816E1,1.3816471E1,3.7008405E0,6.9082355E0,8.1418495E0,9.868908E0,3.9475632E0,6.41479E0,3.4541178E0,5.4278994E0,9.868908E-1,2.467227E0,2.9606724E0,3.7008405E0,2.467227E-1,9.868908E-1,2.467227E0,1.4803362E0,2.2205043E0,1.2336135E0,2.467227E-1,1.4803362E0,7.401681E-1,1.7270589E0,1.9737816E0,1.7270589E0,2.467227E-1,1.2336135E0,4.934454E-1,4.934454E-1,7.401681E-1,2.467227E-1,4.934454E-1,4.934454E-1,1.9737816E0,1.2089413E1,1.0609076E1,1.0609076E1,1.4803362E0,7.401681E-1,9.868908E0,1.1595966E1,8.1418495E0,1.2336135E0,6.9082355E0,1.1102522E1,4.934454E-1,5.4278994E0,5.674622E0,1.9737816E0,3.7008405E0,9.868908E-1,2.7139497E0,4.934454E0,4.934454E-1,3.4541178E0,3.4541178E0],"tree_param":{"num_deleted":"0","num_feature":"3","num_nodes":"63","size_leaf_vector":"1"}},{"base_weights":[-2.5032878E-2,-5.324565E-2,4.528502E-2],"categories":[],"categories_nodes":[],"categories_segments":[],"categories_sizes":[],"default_left":[0,0,0],"id":1,"left_children":[1,-1,-1],"loss_changes":[4.9733496E0,0E0,0E0],"parents":[2147483647,0,0],"right_children":[2,-1,-1],"split_conditions":[1E0,-5.324565E-2,4.528502E-2],"split_indices":[2,0,0],"split_type":[0,0,0],"sum_hessian":[7.7065674E1,3.921813E1,3.784755E1],"tree_param":{"num_deleted":"0","num_feature":"3","num_nodes":"3","size_leaf_vector":"1"}},{"base_weights":[-9.400707E-2,3.0276187E-2,-3.588212E-1,5.6151606E-2,-4.3453865E-2,-1.0134362E-1,-3.0226856E-2],"categories":[],"categories_nodes":[],"categories_segments":[],"categories_sizes":[],"default_left":[0,0,0,0,0,0,0],"id":2,"left_children":[1,3,5,-1,-1,-1,-1],"loss_changes":[2.5018823E0,3.4121819E0,8.064709E-1,0E0,0E0,0E0,0E0],"parents":[2147483647,0,0,1,1,2,2],"right_children":[2,4,6,-1,-1,-1,-1],"split_conditions":[4E0,1E0,1E0,5.6151606E-2,-4.3453865E-2,-1.0134362E-1,-3.0226856E-2],"split_indices":[1,2,2,0,0,0,0],"split_type":[0,0,0,0,0,0,0],"sum_hessian":[7.600603E1,5.172661E1,2.4279419E1,2.5616869E1,2.6109741E1,1.3430554E1,1.08488655E1],"tree_param":{"num_deleted":"0","num_feature":"3","num_nodes":"7","size_leaf_vector":"1"}},{"base_weights":[1.37392795E-2,-8.729642E-2,1.08948246E-1,-2.6482367E-3,-2.6212234E-2,1.0057816E-2,1.5680876E-1,2.5511304E-2,3.574428E-2],"categories":[],"categories_nodes":[],"categories_segments":[],"categories_sizes":[],"default_left":[0,0,0,0,0,0,0,0,0],"id":3,"left_children":[1,3,5,-1,-1,-1,7,-1,-1],"loss_changes":[7.519009E-1,1.3354605E-1,1.0972577E-1,0E0,0E0,0E0,1.4862955E-2,0E0,0E0],"parents":[2147483647,0,0,1,1,2,2,6,6],"right_children":[2,4,6,-1,-1,-1,8,-1,-1],"split_conditions":[3E0,1E0,4E0,-2.6482367E-3,-2.6212234E-2,1.0057816E-2,5E0,2.5511304E-2,3.574428E-2],"split_indices":[1,1,1,0,0,0,1,0,0],"split_type":[0,0,0,0,0,0,0,0,0],"sum_hessian":[7.815999E1,3.7914555E1,4.0245438E1,1.4948606E1,2.2965948E1,1.8365742E1,2.1879698E1,1.1436547E1,1.044315E1],"tree_param":{"num_deleted":"0","num_feature":"3","num_nodes":"9","size_leaf_vector":"1"}},{"base_weights":[-6.381302E-2,4.8010078E-1,-1.3283642E-1,-3.4708372E-1,-1.09030575E-1,3.1569502E-1,4.425352E-1,4.5506564E-1,-3.526627E-1,3.326037E-1,4.2787737E-1,4.8936749E-1,-6.607675E-1,2.8109126E-2,3.0490717E-1,4.351298E-2,-2.0005487E-1,-1.4419289E-1,9.468454E-1,-8.24528E-1,-1.06784575E-1,1.2813836E0,-1.4428008E-1,1.1080743E-2,-6.0884494E-1,-1.9305727E-1,3.2798558E-1,-2.1855517E-1,-2.9272016E-3,5.769213E-1,1.6925315E0,2.5868586E-1,-3.3392066E-1,4.6048045E-1,6.2799715E-2,-1.8863238E-1,-1.101702E-1,5.112928E-2,4.4491038E-1,-8.3436355E-2,-1.0308921E0,-3.4026888E-1,-1.08946756E-1,-3.3249804E-1,6.2953986E-2,-6.132003E-2,-3.266824E-1,-1.3492963E-1,2.8796963E-4,-3.33528E-2,-5.4761864E-2,-2.0881461E-2,-2.94596E-2],"categories":[],"categories_nodes":[],"categories_segments":[],"categories_sizes":[],"default_left":[0,0,0,0,0,0,0,0,0,0,0,0,0,0,0,0,0,0,0,0,0,0,0,0,0,0,0,0,0,0,0,0,0,0,0,0,0,0,0,0,0,0,0,0,0,0,0,0,0,0,0,0,0],"id":4,"left_children":[1,5,3,-1,15,7,-1,9,-1,11,-1,13,45,-1,-1,17,19,23,29,39,21,37,35,25,27,49,-1,-1,-1,31,33,-1,-1,-1,-1,-1,47,-1,-1,43,41,-1,-1,-1,-1,-1,-1,51,-1,-1,-1,-1,-1],