{"learner":{"attributes":{},"feature_names":["symbol_id","category","market_type","indicator","trend_dir","score","rsi","body","ema50","ema200","atr","dist","relative_momentum","side_enc","raw_market_type_enc"],"feature_types":["float","float","float","float","float","float","float","float","float","float","float","float","float","float","float"],"gradient_booster":{"model":{"gbtree_model_param":{"num_parallel_tree":"1","num_trees":"4"},"iteration_indptr":[0,1,2,3,4],"tree_info":[0,0,0,0],"trees":[{"base_weights":[-2.0884737E-2,3.30012E-1,-4.6612483E-2,-4.9065363E-2,4.1538224E-2,-4.441506E-2,-1.775669E-2,3.1090261E-2,-1.984176E-1,-5.0532755E-2,4.0002236E-1,-2.18242E-3,-3.5108108E-2,-4.6652876E-2,-5.9986074E-2,-1.0344674E-2,4.5040317E-2,9.0457594E-1,2.6550224E-1,-3.3266984E-2,2.8363228E-2,9.7173154E-2,1.2944941E-2,-1.0942922E-1,1.2544465E-1,2.4415924E-1,-3.8814685E-1,-1.0702407E-2,5.4439794E-2,6.854687E-2,1.78519E-1,-3.2564495E-2,3.3320105E-1,-4.173318E-2,3.0229107E-2,6.1635125E-1,1.5422611E-1,-2.32584E-2,6.7873396E-2,-1.0474223E-2,4.0479705E-2],"categories":[],"categories_nodes":[],"categories_segments":[],"categories_sizes":[],"default_left":[0,0,0,0,0,0,0,0,0,0,0,0,0,0,0,0,0,0,0,0,0,0,0,0,0,0,0,0,0,0,0,0,0,0,0,0,0,0,0,0,0],"id":0,"left_children":[1,3,5,-1,-1,-1,7,9,13,11,17,23,-1,-1,15,-1,-1,21,19,-1,-1,-1,-1,27,25,29,33,-1,-1,-1,31,-1,35,-1,-1,37,39,-1,-1,-1,-1],"loss_changes":[5.166036E0,9.935687E0,8.632036E0,0E0,0E0,0E0,4.4892964E0,1.209768E1,6.5698657E0,6.8670387E0,4.614581E0,4.0907006E0,0E0,0E0,4.7833257E0,0E0,0E0,4.2837095E0,5.5439825E0,0E0,0E0,0E0,0E0,5.359016E0,8.446436E0,4.8794107E0,4.194227E0,0E0,0E0,0E0,1.023274E1,0E0,4.123193E0,0E0,0E0,9.853324E0,6.4723244E0,0E0,0E0,0E0,0E0],"parents":[2147483647,0,0,1,1,2,2,6,6,7,7,9,9,8,8,14,14,10,10,18,18,17,17,11,11,24,24,23,23,25,25,30,30,26,26,32,32,35,35,36,36],"right_children":[2,4,6,-1,-1,-1,8,10,14,12,18,24,-1,-1,16,-1,-1,22,20,-1,-1,-1,-1,28,26,30,34,-1,-1,-1,32,-1,36,-1,-1,38,40,-1,-1,-1,-1],"split_conditions":[7.776E-1,2.1E-4,7.8592E-1,-4.9065363E-2,4.1538224E-2,-4.441506E-2,1.7756E-1,1.8451039E2,2.1517E-1,3.34E-3,5.169E-2,1E0,-3.5108108E-2,-4.6652876E-2,2.1605106E2,-1.0344674E-2,4.5040317E-2,5.165E1,5.314E-2,-3.3266984E-2,2.8363228E-2,9.7173154E-2,1.2944941E-2,7.3E-4,6.4E-4,3.1E-4,2.57E-3,-1.0702407E-2,5.4439794E-2,6.854687E-2,6.2E-4,-3.2564495E-2,4.483E1,-4.173318E-2,3.0229107E-2,3.653E1,5.512E1,-2.32584E-2,6.7873396E-2,-1.0474223E-2,4.0479705E-2],"split_indices":[9,10,8,0,0,0,11,9,11,11,10,13,0,0,8,0,0,6,10,0,0,0,0,10,10,11,11,0,0,0,11,0,6,0,0,6,6,0,0,0,0],"split_type":[0,0,0,0,0,0,0,0,0,0,0,0,0,0,0,0,0,0,0,0,0,0,0,0,0,0,0,0,0,0,0,0,0,0,0,0,0,0,0,0,0],"sum_hessian":[5.6872253E2,3.776318E1,5.309594E2,6.824671E0,3.0938507E1,2.4568815E1,5.0639056E2,3.9947073E2,1.0691984E2,3.2803918E2,7.143156E1,2.961907E2,3.1848463E1,2.4341326E1,8.2578514E1,7.46164E1,7.962116E0,1.3421852E1,5.80097E1,7.962116E0,5.0047585E1,7.734627E0,5.687226E0,1.6106223E2,1.3512848E2,1.1033218E2,2.4796303E1,1.55375E2,5.687226E0,7.962116E0,1.0237006E2,1.9791546E1,8.2578514E1,2.0474012E1,4.3222914E0,3.0711018E1,5.1867496E1,7.734627E0,2.297639E1,3.025604E1,2.1611458E1],"tree_param":{"num_deleted":"0","num_feature":"15","num_nodes":"41","size_leaf_vector":"1"}},{"base_weights":[-1.9195484E-2,3.0332926E-1,-4.3040253E-2,-4.668998E-2,3.817515E-2,-4.1910775E-2,-1.6097933E-2,-4.677565E-3,-5.0637603E-2,4.2546783E-2,-1.8098041E-1,-3.6019374E-2,3.939293E-1,1.1927262E-2,-3.41765E-2,-4.2860955E-2,-5.505995E-2,6.6259705E-2,2.5846386E-1,-3.147648E-2,2.7374363E-2,-1.01385266E-1,1.4995809E-1,2.618237E-1,-2.5638828E-2,7.399119E-2,1.9551034E-1,-2.5465952E-2,3.2684395E-1,-9.962534E-3,5.0556205E-2,-9.727391E-3,4.1742124E-2,-2.1951037E-2,3.961963E-1,8.512045E-1,1.6923152E-1,-9.774184E-3,4.3486048E-2,1.2388383E-2,8.4206596E-2],"categories":[],"categories_nodes":[],"categories_segments":[],"categories_sizes":[],"default_left":[0,0,0,0,0,0,0,0,0,0,0,0,0,0,0,0,0,0,0,0,0,0,0,0,0,0,0,0,0,0,0,0,0,0,0,0,0,0,0,0,0],"id":1,"left_children":[1,3,5,-1,-1,-1,7,9,-1,11,15,13,17,21,-1,-1,31,-1,19,-1,-1,29,23,25,-1,-1,27,-1,33,-1,-1,-1,-1,-1,35,39,37,-1,-1,-1,-1],"loss_changes":[4.3973203E0,8.652125E0,7.6088104E0,0E0,0E0,0E0,3.9276552E0,4.1761684E0,0E0,1.0943395E1,5.3903036E0,6.7493134E0,4.7408276E0,4.611501E0,0E0,0E0,4.162588E0,0E0,5.013429E0,0E0,0E0,4.6814694E0,7.583478E0,5.201612E0,0E0,0E0,7.471752E0,0E0,3.7793064E0,0E0,0E0,0E0,0E0,0E0,7.5918045E0,4.871731E0,6.853476E0,0E0,0E0,0E0,0E0],"parents":[2147483647,0,0,1,1,2,2,6,6,7,7,9,9,11,11,10,10,12,12,18,18,13,13,22,22,23,23,26,26,21,21,16,16,28,28,34,34,36,36,35,35],"right_children":[2,4,6,-1,-1,-1,8,10,-1,12,16,14,18,22,-1,-1,32,-1,20,-1,-1,30,24,26,-1,-1,28,-1,34,-1,-1,-1,-1,-1,36,40,38,-1,-1,-1,-1],"split_conditions":[7.776E-1,2.1E-4,7.8592E-1,-4.668998E-2,3.817515E-2,-4.1910775E-2,7.128E1,1.7756E-1,-5.0637603E-2,1.8451039E2,2.1517E-1,3.34E-3,5.169E-2,1E0,-3.41765E-2,-4.2860955E-2,2.1605106E2,6.6259705E-2,5.314E-2,-3.147648E-2,2.7374363E-2,7.3E-4,6.4E-4,3E-4,-2.5638828E-2,7.399119E-2,6.2E-4,-2.5465952E-2,3.653E1,-9.962534E-3,5.0556205E-2,-9.727391E-3,4.1742124E-2,-2.1951037E-2,4.483E1,8.7843E-1,5.512E1,-9.774184E-3,4.3486048E-2,1.2388383E-2,8.4206596E-2],"split_indices":[9,10,8,0,0,0,6,11,0,9,11,11,10,13,0,0,8,0,10,0,0,10,10,11,0,0,11,0,6,0,0,0,0,0,6,8,6,0,0,0,0],"split_type":[0,0,0,0,0,0,0,0,0,0,0,0,0,0,0,0,0,0,0,0,0,0,0,0,0,0,0,0,0,0,0,0,0,0,0,0,0,0,0,0,0],"sum_hessian":[5.682848E2,3.8035473E1,5.302493E2,6.721262E0,3.1314209E1,2.423271E1,5.0601663E2,4.9897314E2,7.0434704E0,3.943411E2,1.0463206E2,3.232541E2,7.108701E1,2.9219827E2,3.1055813E1,2.3542683E1,8.108938E1,1.3198644E1,5.7888367E1,7.881051E0,5.0007313E1,1.6064977E2,1.315485E2,1.0809934E2,2.344916E1,7.190976E0,1.0090836E2,1.915742E1,8.1750946E1,1.548728E2,5.776977E0,7.302266E1,8.066717E0,7.6798906E0,7.407105E1,2.3424423E1,5.064663E1,3.0160343E1,2.0486288E1,7.8854494E0,1.5538974E1],"tree_param":{"num_deleted":"0","num_feature":"15","num_nodes":"41","size_leaf_vector":"1"}},{"base_weights":[-1.775722E-2,2.79131E-1,-3.9867595E-2,-4.4445474E-2,3.5141643E-2,-3.95508E-2,-1.4709509E-2,1.13321245E-2,-3.5809124E-1,5.924575E-2,-4.4114742E-2,-2.109296E-1,5.2595567E-2,7.6621264E-2,3.27776E-2,-1.6469382E-1,8.93252E-2,6.252171E-2,-2.284176E-1,1.6833971E-1,-1.08935304E-1,6.658404E-2,-1.8237416E-1,1.4882724E-2,-5.3326935E-1,-7.956729E-2,2.317495E-2,-2.9083687E-1,4.048253E-2,-2.4098046E-1,4.4744138E-2,-1.55217415E-2,-7.23418E-2,4.9776556E-3,-3.8672158E-1,2.2719265E-3,-4.367271E-2,-1.635509E-1,-6.066553E-2,-1.982098E-2,2.4173025E-2],"categories":[],"categories_nodes":[],"categories_segments":[],"categories_sizes":[],"default_left":[0,0,0,0,0,0,0,0,0,0,0,0,0,0,0,0,0,0,0,0,0,0,0,0,0,0,0,0,0,0,0,0,0,0,0,0,0,0,0,0,0],"id":2,"left_children":[1,3,5,-1,-1,-1,7,11,9,-1,-1,33,13,-1,15,17,19,-1,27,23,21,-1,29,-1,25,-1,-1,31,-1,37,-1,-1,-1,-1,35,-1,-1,39,-1,-1,-1],"loss_changes":[3.7491024E0,7.5484543E0,6.704077E0,0E0,0E0,0E0,4.5385947E0,4.3466744E0,1.1026881E1,0E0,0E0,3.679868E0,7.8611307E0,0E0,4.4090557E0,5.9938946E0,4.825734E0,0E0,4.31972E0,5.6852207E0,6.8411856E0,0E0,4.0874605E0,0E0,5.735463E0,0E0,0E0,4.004251E0,0E0,3.4163709E0,0E0,0E0,0E0,0E0,4.0949693E0,0E0,0E0,3.9464064E0,0E0,0E0,0E0],"parents":[2147483647,0,0,1,1,2,2,6,6,8,8,7,7,12,12,14,14,15,15,16,16,20,20,19,19,24,24,18,18,22,22,27,27,11,11,34,34,29,29,37,37],"right_children":[2,4,6,-1,-1,-1,8,12,10,-1,-1,34,14,-1,16,18,20,-1,28,24,22,-1,30,-1,26,-1,-1,32,-1,38,-1,-1,-1,-1,36,-1,-1,40,-1,-1,-1],"split_conditions":[7.776E-1,2.1E-4,7.8592E-1,-4.4445474E-2,3.5141643E-2,-3.95508E-2,1.979798E0,7.1E-4,8.6695E-1,5.924575E-2,-4.4114742E-2,4E-4,7.5E-4,7.6621264E-2,-1.236116E0,2.7E-4,6E0,6.252171E-2,2.1541895E2,4.007E-1,-1.058824E0,6.658404E-2,4.1082E-1,1.4882724E-2,2.1404214E2,-7.956729E-2,2.317495E-2,2.1427087E2,4.048253E-2,8.566E-2,4.4744138E-2,-1.55217415E-2,-7.23418E-2,4.9776556E-3,-8.19512E-1,2.2719265E-3,-4.367271E-2,5.378E-2,-6.066553E-2,-1.982098E-2,2.4173025E-2],