{"learner":{"attributes":{},"feature_names":["symbol_id","category","market_type","indicator","trend_dir","score","rsi","body","ema50","ema200","atr","dist","relative_momentum","side_enc","raw_market_type_enc"],"feature_types":["float","float","float","float","float","float","float","float","float","float","float","float","float","float","float"],"gradient_booster":{"model":{"gbtree_model_param":{"num_parallel_tree":"1","num_trees":"5"},"iteration_indptr":[0,1,2,3,4,5],"tree_info":[0,0,0,0,0],"trees":[{"base_weights":[-1.422812E-2,-3.057118E-2,5.006284E-4,-9.056664E-3,4.2844996E-2,3.0419387E-2,-1.6929116E-3],"categories":[],"categories_nodes":[],"categories_segments":[],"categories_sizes":[],"default_left":[0,0,0,0,0,0,0],"id":0,"left_children":[1,-1,3,-1,5,-1,-1],"loss_changes":[3.5400224E0,0E0,3.0833406E0,0E0,1.115675E1,0E0,0E0],"parents":[2147483647,0,0,2,2,4,4],"right_children":[2,-1,4,-1,6,-1,-1],"split_conditions":[7.7042E-1,-3.057118E-2,4.203E1,-9.056664E-3,4.472E1,3.0419387E-2,-1.6929116E-3],"split_indices":[9,0,6,0,6,0,0],"split_type":[0,0,0,0,0,0,0],"sum_hessian":[5.63206E2,1.3591338E1,5.496147E2,1.3233672E2,4.1727795E2,5.6511356E1,3.6076657E2],"tree_param":{"num_deleted":"0","num_feature":"15","num_nodes":"7","size_leaf_vector":"1"}},{"base_weights":[-9.877789E-3,5.3449534E-3,-4.024689E-2,-1.9223745E-3,2.0956847E-1,-2.6884208E-2,2.5052581E-2],"categories":[],"categories_nodes":[],"categories_segments":[],"categories_sizes":[],"default_left":[0,0,0,0,0,0,0],"id":1,"left_children":[1,3,-1,-1,5,-1,-1],"loss_changes":[4.9550385E0,3.8142982E0,0E0,0E0,7.6970267E0,0E0,0E0],"parents":[2147483647,0,0,1,1,4,4],"right_children":[2,4,-1,-1,6,-1,-1],"split_conditions":[5.1814E-1,2.1517E-1,-4.024689E-2,-1.9223745E-3,4.102E1,-2.6884208E-2,2.5052581E-2],"split_indices":[11,11,0,0,6,0,0],"split_type":[0,0,0,0,0,0,0],"sum_hessian":[5.685752E2,5.5903955E2,9.535666E0,4.8584103E2,7.3198494E1,1.2850709E1,6.0347782E1],"tree_param":{"num_deleted":"0","num_feature":"15","num_nodes":"7","size_leaf_vector":"1"}},{"base_weights":[-1.2375872E-2,1.581626E-2,-2.709338E-1,3.1615112E-2,-4.575906E-2,-1.9697985E-2,4.1094953E-3],"categories":[],"categories_nodes":[],"categories_segments":[],"categories_sizes":[],"default_left":[0,0,0,0,0,0,0],"id":2,"left_children":[1,5,3,-1,-1,-1,-1],"loss_changes":[4.216016E0,6.7643657E0,1.7359463E1,0E0,0E0,0E0,0E0],"parents":[2147483647,0,0,2,2,1,1],"right_children":[2,6,4,-1,-1,-1,-1],"split_conditions":[1.851613E0,2.4E-4,1.06E-3,3.1615112E-2,-4.575906E-2,-1.9697985E-2,4.1094953E-3],"split_indices":[12,10,11,0,0,0,0],"split_type":[0,0,0,0,0,0,0],"sum_hessian":[5.694836E2,5.182177E2,5.1265884E1,1.7399439E1,3.3866444E1,6.142584E1,4.567919E2],"tree_param":{"num_deleted":"0","num_feature":"15","num_nodes":"7","size_leaf_vector":"1"}},{"base_weights":[-1.1427844E-3,-2.697873E-2,1.11300815E-2,-7.3596365E-3,4.796006E-2,3.1802513E-2,-8.9280154E-5],"categories":[],"categories_nodes":[],"categories_segments":[],"categories_sizes":[],"default_left":[0,0,0,0,0,0,0],"id":3,"left_children":[1,-1,3,-1,5,-1,-1],"loss_changes":[2.7203743E0,0E0,2.4235983E0,0E0,8.57923E0,0E0,0E0],"parents":[2147483647,0,0,2,2,4,4],"right_children":[2,-1,4,-1,6,-1,-1],"split_conditions":[7.7073E-1,-2.697873E-2,4.187E1,-7.3596365E-3,4.392E1,3.1802513E-2,-8.9280154E-5],"split_indices":[8,0,6,0,6,0,0],"split_type":[0,0,0,0,0,0,0],"sum_hessian":[5.6627606E2,1.227984E1,5.539962E2,1.3080441E2,4.231918E2,4.0785297E1,3.8240652E2],"tree_param":{"num_deleted":"0","num_feature":"15","num_nodes":"7","size_leaf_vector":"1"}},{"base_weights":[-9.746471E-3,-2.8534868E-1,2.0084059E-2,2.9694436E-2,-3.625092E-5,1.2373739E-2,-2.941738E-2],"categories":[],"categories_nodes":[],"categories_segments":[],"categories_sizes":[],"default_left":[0,0,0,0,0,0,0],"id":4,"left_children":[1,5,3,-1,-1,-1,-1],"loss_changes":[4.7078667E0,3.8965626E0,4.3160605E0,0E0,0E0,0E0,0E0],"parents":[2147483647,0,0,2,2,1,1],"right_children":[2,6,4,-1,-1,-1,-1],"split_conditions":[-1.864811E0,7.5E1,-1.594059E0,2.9694436E-2,-3.625092E-5,1.2373739E-2,-2.941738E-2],"split_indices":[12,7,12,0,0,0,0],"split_type":[0,0,0,0,0,0,0],"sum_hessian":[5.6313055E2,5.033081E1,5.1279974E2,1.957811E1,4.9322165E2,1.0970795E1,3.9360016E1],"tree_param":{"num_deleted":"0","num_feature":"15","num_nodes":"7","size_leaf_vector":"1"}}]},"name":"gbtree"},"learner_model_param":{"base_score":"3.925037E-1","boost_from_average":"1","num_class":"0","num_feature":"15","num_target":"1"},"objective":{"name":"binary:logistic","reg_loss_param":{"scale_pos_weight":"1"}}},"version":[2,1,4]}