{"learner":{"attributes":{},"feature_names":["category","market_type","indicator","trend_dir","score","rsi","body","ema50","ema200","atr","dist","relative_momentum","symbol_enc","side_enc","raw_market_type_enc"],"feature_types":["float","float","float","float","float","float","float","float","float","float","float","float","float","float","float"],"gradient_booster":{"model":{"gbtree_model_param":{"num_parallel_tree":"1","num_trees":"7"},"iteration_indptr":[0,1,2,3,4,5,6,7],"tree_info":[0,0,0,0,0,0,0],"trees":[{"base_weights":[-1.3555576E-2,5.845699E-2,-6.008256E-2,-1.6460252E-1,2.1755224E-2,-1.2499867E-1,2.6530663E-2],"categories":[],"categories_nodes":[],"categories_segments":[],"categories_sizes":[],"default_left":[0,0,0,0,0,0,0],"id":0,"left_children":[1,-1,3,5,-1,-1,-1],"loss_changes":[2.9221478E0,0E0,3.8595324E0,4.7009583E0,0E0,0E0,0E0],"parents":[2147483647,0,0,2,2,3,3],"right_children":[2,-1,4,6,-1,-1,-1],"split_conditions":[4.153E1,5.845699E-2,1E0,8.3E1,2.1755224E-2,-1.2499867E-1,2.6530663E-2],"split_indices":[5,0,13,6,0,0,0],"split_type":[0,0,0,0,0,0,0],"sum_hessian":[3.919972E2,8.675535E1,3.0524185E2,1.5022374E2,1.5501811E2,9.61158E1,5.410794E1],"tree_param":{"num_deleted":"0","num_feature":"15","num_nodes":"7","size_leaf_vector":"1"}},{"base_weights":[-1.127011E-2,-5.9325915E-2,3.9065827E-2,7.71248E-2,-6.7498244E-2,9.0820156E-2,-5.3362146E-2],"categories":[],"categories_nodes":[],"categories_segments":[],"categories_sizes":[],"default_left":[0,0,0,0,0,0,0],"id":1,"left_children":[1,-1,3,-1,5,-1,-1],"loss_changes":[2.6646397E0,0E0,4.6634297E0,0E0,3.110652E0,0E0,0E0],"parents":[2147483647,0,0,2,2,4,4],"right_children":[2,-1,4,-1,6,-1,-1],"split_conditions":[-9.47248E-1,-5.9325915E-2,2.42687E-1,7.71248E-2,6.6E1,9.0820156E-2,-5.3362146E-2],"split_indices":[11,0,11,0,6,0,0],"split_type":[0,0,0,0,0,0,0],"sum_hessian":[3.994481E2,1.0754056E2,2.9190753E2,1.2426584E2,1.676417E2,1.7313663E1,1.5032802E2],"tree_param":{"num_deleted":"0","num_feature":"15","num_nodes":"7","size_leaf_vector":"1"}},{"base_weights":[-1.6273841E-2,9.294355E-2,-4.3524954E-2,-1.515522E-1,2.5390512E-3,2.4740763E-2,-6.97211E-2],"categories":[],"categories_nodes":[],"categories_segments":[],"categories_sizes":[],"default_left":[0,0,0,0,0,0,0],"id":2,"left_children":[1,-1,3,-1,5,-1,-1],"loss_changes":[2.7226367E0,0E0,5.286288E0,0E0,3.1384165E0,0E0,0E0],"parents":[2147483647,0,0,2,2,4,4],"right_children":[2,-1,4,-1,6,-1,-1],"split_conditions":[7.7649E-1,9.294355E-2,7.8774E-1,-1.515522E-1,1.7525E-1,2.4740763E-2,-6.97211E-2],"split_indices":[7,0,7,0,10,0,0],"split_type":[0,0,0,0,0,0,0],"sum_hessian":[3.9620767E2,2.8412294E1,3.6779538E2,3.2277817E1,3.3551755E2,2.6162482E2,7.389274E1],"tree_param":{"num_deleted":"0","num_feature":"15","num_nodes":"7","size_leaf_vector":"1"}},{"base_weights":[1.2256366E-2,-3.8655423E-2,1.298432E-1,1.341372E-1,-4.363393E-2,-7.274454E-2,4.060036E-2],"categories":[],"categories_nodes":[],"categories_segments":[],"categories_sizes":[],"default_left":[0,0,0,0,0,0,0],"id":3,"left_children":[1,5,3,-1,-1,-1,-1],"loss_changes":[2.5947552E0,5.194472E0,5.617755E0,0E0,0E0,0E0,0E0],"parents":[2147483647,0,0,2,2,1,1],"right_children":[2,6,4,-1,-1,-1,-1],"split_conditions":[1.8405275E2,1E0,8.072E-2,1.341372E-1,-4.363393E-2,-7.274454E-2,4.060036E-2],"split_indices":[8,13,9,0,0,0,0],"split_type":[0,0,0,0,0,0,0],"sum_hessian":[3.9599612E2,2.858732E2,1.1012294E2,5.937767E1,5.0745266E1,1.434343E2,1.424389E2],"tree_param":{"num_deleted":"0","num_feature":"15","num_nodes":"7","size_leaf_vector":"1"}},{"base_weights":[-5.3798473E-3,-1.21495895E-1,4.1207727E-2,3.8412306E-2,-9.810206E-2,-1.054023E-2,7.855615E-2],"categories":[],"categories_nodes":[],"categories_segments":[],"categories_sizes":[],"default_left":[0,0,0,0,0,0,0],"id":4,"left_children":[1,3,5,-1,-1,-1,-1],"loss_changes":[2.3385344E0,2.8759124E0,2.7768424E0,0E0,0E0,0E0,0E0],"parents":[2147483647,0,0,1,1,2,2],"right_children":[2,4,6,-1,-1,-1,-1],"split_conditions":[-9.47248E-1,1.16172E0,1.8399487E2,3.8412306E-2,-9.810206E-2,-1.054023E-2,7.855615E-2],"split_indices":[11,7,7,0,0,0,0],"split_type":[0,0,0,0,0,0,0],"sum_hessian":[3.9308972E2,1.0319175E2,2.8989798E2,3.3777367E1,6.941438E1,2.0682982E2,8.306816E1],"tree_param":{"num_deleted":"0","num_feature":"15","num_nodes":"7","size_leaf_vector":"1"}},{"base_weights":[1.4934569E-2,4.2473543E-2,-3.9948404E-2,-1.3925718E-1,2.52563E-2,-1.0061818E-1,5.3225264E-2],"categories":[],"categories_nodes":[],"categories_segments":[],"categories_sizes":[],"default_left":[0,0,0,0,0,0,0],"id":5,"left_children":[1,-1,3,5,-1,-1,-1],"loss_changes":[1.88513E0,0E0,2.6352763E0,3.4756696E0,0E0,0E0,0E0],"parents":[2147483647,0,0,2,2,3,3],"right_children":[2,-1,4,6,-1,-1,-1],"split_conditions":[4.664E1,4.2473543E-2,5.556E1,1.8490616E2,2.52563E-2,-1.0061818E-1,5.3225264E-2],"split_indices":[5,0,5,8,0,0,0],"split_type":[0,0,0,0,0,0,0],"sum_hessian":[3.9223776E2,1.5376529E2,2.3847246E2,1.1294391E2,1.2552855E2,8.687993E1,2.6063984E1],"tree_param":{"num_deleted":"0","num_feature":"15","num_nodes":"7","size_leaf_vector":"1"}},{"base_weights":[-1.3972528E-3,3.519102E-2,-6.0079288E-2,-8.031518E-3,7.4562885E-2,-5.7924274E-2,5.213126E-2],"categories":[],"categories_nodes":[],"categories_segments":[],"categories_sizes":[],"default_left":[0,0,0,0,0,0,0],"id":6,"left_children":[1,3,-1,5,-1,-1,-1],"loss_changes":[2.097083E0,1.9509593E0,0E0,4.4453487E0,0E0,0E0,0E0],"parents":[2147483647,0,0,1,1,3,3],"right_children":[2,4,-1,6,-1,-1,-1],"split_conditions":[1.7525E-1,7.5E-4,-6.0079288E-2,1E0,7.4562885E-2,-5.7924274E-2,5.213126E-2],"split_indices":[10,9,0,13,0,0,0],"split_type":[0,0,0,0,0,0,0],"sum_hessian":[3.918648E2,3.1886972E2,7.2995094E1,2.5421524E2,6.4654465E1,1.2832977E2,1.2588547E2],"tree_param":{"num_deleted":"0","num_feature":"15","num_nodes":"7","size_leaf_vector":"1"}}]},"name":"gbtree"},"learner_model_param":{"base_score":"3.5270286E-1","boost_from_average":"1","num_class":"0","num_feature":"15","num_target":"1"},"objective":{"name":"binary:logistic","reg_loss_param":{"scale_pos_weight":"1"}}},"version":[2,1,4]}