{"learner":{"attributes":{},"feature_names":["symbol_id","category","market_type","indicator","trend_dir","score","rsi","body","ema50","ema200","atr","dist","relative_momentum","side_enc","raw_market_type_enc"],"feature_types":["float","float","float","float","float","float","float","float","float","float","float","float","float","float","float"],"gradient_booster":{"model":{"gbtree_model_param":{"num_parallel_tree":"1","num_trees":"11"},"iteration_indptr":[0,1,2,3,4,5,6,7,8,9,10,11],"tree_info":[0,0,0,0,0,0,0,0,0,0,0],"trees":[{"base_weights":[-2.5287297E-2,1.3659334E-2,-2.354687E-1,-2.6912237E-2,3.0081984E-1,-5.927485E-1,-8.610924E-2,6.3740546E-1,9.708782E-2,-1.3409632E-1,3.7508866E-1],"categories":[],"categories_nodes":[],"categories_segments":[],"categories_sizes":[],"default_left":[0,0,0,0,0,0,0,0,0,0,0],"id":0,"left_children":[1,3,5,-1,7,-1,9,-1,-1,-1,-1],"loss_changes":[5.37206E0,7.6479154E0,6.4172525E0,0E0,5.110522E0,0E0,3.9280925E0,0E0,0E0,0E0,0E0],"parents":[2147483647,0,0,1,1,2,2,4,4,6,6],"right_children":[2,4,6,-1,8,-1,10,-1,-1,-1,-1],"split_conditions":[1.8479E-1,1.8405156E2,2.1353E-1,-2.6912237E-2,5.163E-2,-5.927485E-1,2.1605847E2,6.3740546E-1,9.708782E-2,-1.3409632E-1,3.7508866E-1],"split_indices":[11,9,11,0,10,0,8,0,0,0,0],"split_type":[0,0,0,0,0,0,0,0,0,0,0],"sum_hessian":[5.8933875E2,4.872937E2,1.0204504E2,4.077215E2,7.95722E1,1.7886545E1,8.415849E1,1.5134769E1,6.443742E1,7.613248E1,8.026014E0],"tree_param":{"num_deleted":"0","num_feature":"15","num_nodes":"11","size_leaf_vector":"1"}},{"base_weights":[4.6952508E-4,4.449449E-1,-2.0864857E-2,-3.9007872E-1,2.1334698E-3,-1.668244E-1,5.029632E-1,2.3201855E-2,-2.5889957E-1,2.7342814E-1,-3.8100097E-1],"categories":[],"categories_nodes":[],"categories_segments":[],"categories_sizes":[],"default_left":[0,0,0,0,0,0,0,0,0,0,0],"id":1,"left_children":[1,5,3,-1,7,-1,-1,-1,9,-1,-1],"loss_changes":[6.685648E0,6.2219067E0,7.831717E0,0E0,3.4980223E0,0E0,0E0,0E0,7.5893393E0,0E0,0E0],"parents":[2147483647,0,0,2,2,1,1,4,4,8,8],"right_children":[2,6,4,-1,8,-1,-1,-1,10,-1,-1],"split_conditions":[7.7756E-1,2.1E-4,7.8587E-1,-3.9007872E-1,1.85683E0,-1.668244E-1,5.029632E-1,2.3201855E-2,9.6E-4,2.7342814E-1,-3.8100097E-1],"split_indices":[9,10,9,0,12,0,0,0,11,0,0],"split_type":[0,0,0,0,0,0,0,0,0,0,0],"sum_hessian":[5.945911E2,3.253374E1,5.6205743E2,2.912111E1,5.329363E2,5.687717E0,2.6846024E1,4.878533E2,4.508299E1,1.023789E1,3.48451E1],"tree_param":{"num_deleted":"0","num_feature":"15","num_nodes":"11","size_leaf_vector":"1"}},{"base_weights":[-1.213545E-2,5.0291862E-2,-7.4687906E-2,-0E0,-2.0356107E-1,-1.502108E-1,1.0201831E-1,-0E0,3.107253E-1,4.8240232E-1,-0E0],"categories":[],"categories_nodes":[],"categories_segments":[],"categories_sizes":[],"default_left":[0,0,0,0,0,0,0,0,0,0,0],"id":2,"left_children":[1,-1,3,5,-1,-1,7,-1,9,-1,-1],"loss_changes":[2.96618E0,0E0,5.0673895E0,5.3279066E0,0E0,0E0,4.2995157E0,0E0,5.641292E0,0E0,0E0],"parents":[2147483647,0,0,2,2,3,3,6,6,8,8],"right_children":[2,-1,4,6,-1,-1,8,-1,10,-1,-1],"split_conditions":[4.653E1,5.0291862E-2,6E0,5.359E1,-2.0356107E-1,-1.502108E-1,8.2E1,-0E0,5.3E-4,4.8240232E-1,-0E0],"split_indices":[6,0,1,6,0,0,7,0,10,0,0],"split_type":[0,0,0,0,0,0,0,0,0,0,0],"sum_hessian":[5.8922394E2,2.4119257E2,3.4803134E2,2.5520107E2,9.283029E1,8.701845E1,1.6818262E2,1.0552266E2,6.265995E1,2.757179E1,3.508816E1],"tree_param":{"num_deleted":"0","num_feature":"15","num_nodes":"11","size_leaf_vector":"1"}},{"base_weights":[-0E0,-1.5316239E-1,4.538037E-2,-1.4923617E-1,1.0379062E-1,5.0185496E-1,-1.7454302E-1,5.4240014E-2,-1.9943252E-1,3.908124E-1,5.0508678E-2],"categories":[],"categories_nodes":[],"categories_segments":[],"categories_sizes":[],"default_left":[0,0,0,0,0,0,0,0,0,0,0],"id":3,"left_children":[1,7,3,5,9,-1,-1,-1,-1,-1,-1],"loss_changes":[4.27343E0,4.248166E0,4.9215765E0,5.51054E0,3.8157713E0,0E0,0E0,0E0,0E0,0E0,0E0],"parents":[2147483647,0,0,2,2,3,3,1,1,4,4],"right_children":[2,8,4,6,10,-1,-1,-1,-1,-1,-1],"split_conditions":[8.1E-4,4E-4,-1.234043E0,7.9398E-1,-1.009615E0,5.0185496E-1,-1.7454302E-1,5.4240014E-2,-1.9943252E-1,3.908124E-1,5.0508678E-2],"split_indices":[11,11,12,9,12,0,0,0,0,0,0],"split_type":[0,0,0,0,0,0,0,0,0,0,0],"sum_hessian":[5.86112E2,1.4329317E2,4.4281885E2,9.246198E1,3.5035684E2,6.0408626E0,8.642112E1,4.1346916E1,1.0194624E2,2.1784573E1,3.285723E2],"tree_param":{"num_deleted":"0","num_feature":"15","num_nodes":"11","size_leaf_vector":"1"}},{"base_weights":[1.3457317E-2,3.3540513E-2,-1.9866356E-1,-0E0,-5.007052E-1,-0E0,2.120529E-1,-1.4121053E-1,3.0217278E-1,3.6869287E-1,-0E0],"categories":[],"categories_nodes":[],"categories_segments":[],"categories_sizes":[],"default_left":[0,0,0,0,0,0,0,0,0,0,0],"id":4,"left_children":[1,5,3,-1,-1,-1,7,-1,9,-1,-1],"loss_changes":[2.0687954E0,3.3177843E0,3.3414836E0,0E0,0E0,0E0,3.4448295E0,0E0,4.453183E0,0E0,0E0],"parents":[2147483647,0,0,2,2,1,1,6,6,8,8],"right_children":[2,6,4,-1,-1,-1,8,-1,10,-1,-1],"split_conditions":[6.509E1,1.272232E0,8.5E1,-0E0,-5.007052E-1,-0E0,4.9E-4,-1.4121053E-1,1.964912E0,3.6869287E-1,-0E0],"split_indices":[6,12,7,0,0,0,11,0,12,0,0],"split_type":[0,0,0,0,0,0,0,0,0,0,0],"sum_hessian":[5.813506E2,5.417066E2,3.9643963E1,2.890463E1,1.0739333E1,4.543716E2,8.733499E1,1.0959797E1,7.63752E1,4.613512E1,3.0240074E1],"tree_param":{"num_deleted":"0","num_feature":"15","num_nodes":"11","size_leaf_vector":"1"}},{"base_weights":[-8.624887E-3,3.2368142E-2,-9.054918E-2,-7.7180944E-2,7.684331E-2,-2.8816506E-1,3.4519504E-3,-7.070966E-1,-3.728947E-2,2.776098E-1,-3.872573E-2],"categories":[],"categories_nodes":[],"categories_segments":[],"categories_sizes":[],"default_left":[0,0,0,0,0,0,0,0,0,0,0],"id":5,"left_children":[1,3,-1,5,-1,7,9,-1,-1,-1,-1],"loss_changes":[2.9374278E0,3.2903013E0,0E0,3.2390916E0,0E0,5.391913E0,2.8525004E0,0E0,0E0,0E0,0E0],"parents":[2147483647,0,0,1,1,3,3,5,5,6,6],"right_children":[2,4,-1,6,-1,8,10,-1,-1,-1,-1],"split_conditions":[7.53961E-1,-9.77589E-1,-9.054918E-2,7.7E1,7.684331E-2,3.757E1,8E1,-7.070966E-1,-3.728947E-2,2.776098E-1,-3.872573E-2],"split_indices":[12,12,0,7,0,6,7,0,0,0,0],"split_type":[0,0,0,0,0,0,0,0,0,0,0],"sum_hessian":[5.8311633E2,4.1251944E2,1.705969E2,1.4906396E2,2.634555E2,4.968492E1,9.9379036E1,1.0337223E1,3.93477E1,1.8752495E1,8.062654E1],"tree_param":{"num_deleted":"0","num_feature":"15","num_nodes":"11","size_leaf_vector":"1"}},{"base_weights":[-7.947934E-3,1.2701824E-1,-4.0145203E-2,-6.5706864E-2,3.22831E-2,-7.600366E-2,1.7654455E-1,1.673459E-1,-1.7182569E-1,-1.3560177E-1,2.9909867E-1],"categories":[],"categories_nodes":[],"categories_segments":[],"categories_sizes":[],"default_left":[0,0,0,0,0,0,0,0,0,0,0],"id":6,"left_children":[1,-1,3,-1,5,7,-1,9,-1,-1,-1],"loss_changes":[3.0432982E0,0E0,1.9184341E0,0E0,4.4752917E0,4.4039907E0,0E0,3.650953E0,0E0,0E0,0E0],"parents":[2147483647,0,0,2,2,4,4,5,5,7,7],"right_children":[2,-1,4,-1,6,8,-1,10,-1,-1,-1],"split_conditions":[-1.539145E0,1.2701824E-1,5.519E1,-6.5706864E-2,8.2E1,7.1E1,1.7654455E-1,3E0,-1.7182569E-1,-1.3560177E-1,2.9909867E-1],"split_indices":[12,0,6,0,7,7,0,0,0,0,0],"split_type":[0,0,0,0,0,0,0,0,0,0,0],"sum_hessian":[5.8300574E2,7.703895E1,5.0596677E2,3.2333575E2,1.8263101E2,1.11853294E2,7.077772E1,3.7496895E1,7.43564E1,1.0897121E1,2.6599773E1],"tree_param":{"num_deleted":"0","num_feature":"15","num_nodes":"11","size_leaf_vector":"1"}},{"base_weights":[-9.670646E-3,-0E0,-7.128334E-1,5.2880142E-2,-5.714514E-2,-1.9952287E-1,1.6189188E-2,2.8142482E-2,-3.2629755E-1,-3.4439418E-1,-0E0],"categories":[],"categories_nodes":[],"categories_segments":[],"categories_sizes":[],"default_left":[0,0,0,0,0,0,0,0,0,0,0],"id":7,"left_children":[1,3,-1,-1,5,7,-1,-1,9,-1,-1],"loss_changes":[3.7853467E0,2.3264384E0,0E0,0E0,4.1786137E0,4.620652E0,0E0,0E0,4.5159187E0,0E0,0E0],"parents":[2147483647,0,0,1,1,4,4,5,5,8,8],"right_children":[2,4,-1,-1,6,8,-1,-1,10,-1,-1],"split_conditions":[6.0125E-1,7.8E1,-7.128334E-1,5.2880142E-2,8.3E1,3.1E-4,1.6189188E-2,2.8142482E-2,5.681E1,-3.4439418E-1,-0E0],