{"learner":{"attributes":{},"feature_names":["category","market_type","indicator","trend_dir","score","rsi","body","ema50","ema200","atr","dist","relative_momentum","symbol_enc","side_enc","raw_market_type_enc"],"feature_types":["float","float","float","float","float","float","float","float","float","float","float","float","float","float","float"],"gradient_booster":{"model":{"gbtree_model_param":{"num_parallel_tree":"1","num_trees":"4"},"iteration_indptr":[0,1,2,3,4],"tree_info":[0,0,0,0],"trees":[{"base_weights":[-2.1918053E-2,2.7573875E-1,-1.1296521E-1,-2.1996823E-1,1.13000885E-1,-5.4093808E-2,-4.346851E-1],"categories":[],"categories_nodes":[],"categories_segments":[],"categories_sizes":[],"default_left":[0,0,0,0,0,0,0],"id":0,"left_children":[1,-1,3,5,-1,-1,-1],"loss_changes":[5.225162E0,0E0,3.7903187E0,3.4037623E0,0E0,0E0,0E0],"parents":[2147483647,0,0,2,2,3,3],"right_children":[2,-1,4,6,-1,-1,-1],"split_conditions":[2.9E-4,2.7573875E-1,1.8505963E2,6.5E-4,1.13000885E-1,-5.4093808E-2,-4.346851E-1],"split_indices":[9,0,8,9,0,0,0],"split_type":[0,0,0,0,0,0,0],"sum_hessian":[1.8027818E2,3.8309113E1,1.4196907E2,9.735022E1,4.461885E1,6.0393192E1,3.6957027E1],"tree_param":{"num_deleted":"0","num_feature":"15","num_nodes":"7","size_leaf_vector":"1"}},{"base_weights":[-1.1593211E-2,-1.8112884E-1,1.4874153E-1,4.4961235E-1,-1.7688209E-1,-4.1548407E-1,1.4427511E-1],"categories":[],"categories_nodes":[],"categories_segments":[],"categories_sizes":[],"default_left":[0,0,0,0,0,0,0],"id":1,"left_children":[1,5,3,-1,-1,-1,-1],"loss_changes":[5.1928477E0,7.599077E0,1.0149013E1,0E0,0E0,0E0,0E0],"parents":[2147483647,0,0,2,2,1,1],"right_children":[2,6,4,-1,-1,-1,-1],"split_conditions":[1E0,6.3E-4,6.2E-4,4.4961235E-1,-1.7688209E-1,-4.1548407E-1,1.4427511E-1],"split_indices":[13,9,9,0,0,0,0],"split_type":[0,0,0,0,0,0,0],"sum_hessian":[1.7744283E2,8.672035E1,9.072247E1,4.6307285E1,4.4415184E1,4.986886E1,3.6851498E1],"tree_param":{"num_deleted":"0","num_feature":"15","num_nodes":"7","size_leaf_vector":"1"}},{"base_weights":[-1.3537627E-2,-1.968531E-1,6.2431842E-2,1.1115848E-2,1.4440976E-1,1.3293606E-1,-1.393468E-1],"categories":[],"categories_nodes":[],"categories_segments":[],"categories_sizes":[],"default_left":[0,0,0,0,0,0,0],"id":2,"left_children":[1,-1,3,5,-1,-1,-1],"loss_changes":[2.623994E0,0E0,4.9446595E-1,1.770266E0,0E0,0E0,0E0],"parents":[2147483647,0,0,2,2,3,3],"right_children":[2,-1,4,6,-1,-1,-1],"split_conditions":[-9.07482E-1,-1.968531E-1,8.3E1,5E0,1.4440976E-1,1.3293606E-1,-1.393468E-1],"split_indices":[11,0,6,0,0,0,0],"split_type":[0,0,0,0,0,0,0],"sum_hessian":[1.7305566E2,4.8739727E1,1.2431593E2,8.331105E1,4.1004883E1,4.754724E1,3.5763813E1],"tree_param":{"num_deleted":"0","num_feature":"15","num_nodes":"7","size_leaf_vector":"1"}},{"base_weights":[-4.1062804E-3,-1.9105078E-1,1.1339801E-1,3.2542065E-1,-2.1497077E-1],"categories":[],"categories_nodes":[],"categories_segments":[],"categories_sizes":[],"default_left":[0,0,0,0,0],"id":3,"left_children":[1,-1,3,-1,-1],"loss_changes":[4.092813E0,0E0,8.361325E0,0E0,0E0],"parents":[2147483647,0,0,2,2],"right_children":[2,-1,4,-1,-1],"split_conditions":[1.32E-3,-1.9105078E-1,1.7099E-1,3.2542065E-1,-2.1497077E-1],"split_indices":[10,0,10,0,0],"split_type":[0,0,0,0,0],"sum_hessian":[1.7206657E2,6.5771095E1,1.0629548E2,6.5171745E1,4.1123734E1],"tree_param":{"num_deleted":"0","num_feature":"15","num_nodes":"5","size_leaf_vector":"1"}}]},"name":"gbtree"},"learner_model_param":{"base_score":"3.4298956E-1","boost_from_average":"1","num_class":"0","num_feature":"15","num_target":"1"},"objective":{"name":"binary:logistic","reg_loss_param":{"scale_pos_weight":"1"}}},"version":[2,1,4]}