{"learner":{"attributes":{},"feature_names":["symbol_id","category","market_type","indicator","trend_dir","score","rsi","body","ema50","ema200","atr","dist","relative_momentum","side_enc","raw_market_type_enc"],"feature_types":["float","float","float","float","float","float","float","float","float","float","float","float","float","float","float"],"gradient_booster":{"model":{"gbtree_model_param":{"num_parallel_tree":"1","num_trees":"6"},"iteration_indptr":[0,1,2,3,4,5,6],"tree_info":[0,0,0,0,0,0],"trees":[{"base_weights":[-2.4997175E-3,-3.8985018E-2,8.945169E-3,-3.6816126E-1,-6.8388213E-3,-1.4525297E-2,1.7686293E-2,1.722971E-1,-1.7141371E-3,-2.0978313E-2,2.3071145E-1,3.9096505E-4,4.4000623E-1,2.109404E-2,-3.137424E-3],"categories":[],"categories_nodes":[],"categories_segments":[],"categories_sizes":[],"default_left":[0,0,0,0,0,0,0,0,0,0,0,0,0,0,0],"id":0,"left_children":[1,3,-1,5,7,-1,-1,9,-1,-1,11,-1,13,-1,-1],"loss_changes":[7.7992115E0,6.916315E0,0E0,6.0501666E0,5.2031794E0,0E0,0E0,6.7002106E0,0E0,0E0,5.5187716E0,0E0,8.1468725E0,0E0,0E0],"parents":[2147483647,0,0,1,1,3,3,4,4,7,7,10,10,12,12],"right_children":[2,4,-1,6,8,-1,-1,10,-1,-1,12,-1,14,-1,-1],"split_conditions":[8.9E1,-1.918241E0,8.945169E-3,5.359E1,7E1,-1.4525297E-2,1.7686293E-2,3.511E1,-1.7141371E-3,-2.0978313E-2,6.5E1,3.9096505E-4,7.54391E-1,2.109404E-2,-3.137424E-3],"split_indices":[7,12,0,6,7,0,0,6,0,0,7,0,12,0,0],"split_type":[0,0,0,0,0,0,0,0,0,0,0,0,0,0,0],"sum_hessian":[7.321908E2,6.52382E2,7.98088E1,5.56465E1,5.9673553E2,5.149742E1,4.149081E0,1.2520463E2,4.7153088E2,6.3456535E0,1.1885897E2,5.9551517E1,5.9307453E1,4.075862E1,1.8548834E1],"tree_param":{"num_deleted":"0","num_feature":"15","num_nodes":"15","size_leaf_vector":"1"}},{"base_weights":[-2.3989098E-3,-3.7788514E-2,8.663831E-3,-1.1111809E-2,-6.6474928E-3,5.7433587E-2,-5.5147726E-3,-7.427392E-3,1.21554285E-1,4.203311E-1,3.6525168E-2,6.7537627E-3,-4.0732357E-3,5.76616E-3,2.6424812E-2],"categories":[],"categories_nodes":[],"categories_segments":[],"categories_sizes":[],"default_left":[0,0,0,0,0,0,0,0,0,0,0,0,0,0,0],"id":1,"left_children":[1,3,-1,-1,5,7,-1,-1,9,13,11,-1,-1,-1,-1],"loss_changes":[7.326115E0,6.5004625E0,0E0,0E0,6.580702E0,8.379667E0,0E0,0E0,9.13205E0,7.62667E0,8.666024E0,0E0,0E0,0E0,0E0],"parents":[2147483647,0,0,1,1,4,4,5,5,8,8,10,10,9,9],"right_children":[2,4,-1,-1,6,8,-1,-1,10,14,12,-1,-1,-1,-1],"split_conditions":[8.9E1,-1.918241E0,8.663831E-3,-1.1111809E-2,9.15254E-1,3.856E1,-5.5147726E-3,-7.427392E-3,7E1,6.7E1,5.068E1,6.7537627E-3,-4.0732357E-3,5.76616E-3,2.6424812E-2],"split_indices":[7,12,0,0,12,6,0,0,7,7,6,0,0,0,0],"split_type":[0,0,0,0,0,0,0,0,0,0,0,0,0,0,0],"sum_hessian":[7.321694E2,6.522521E2,7.991733E1,5.5539726E1,5.9671234E2,4.349399E2,1.617724E2,7.6121544E1,3.5881836E2,7.724355E1,2.8157483E2,1.3517543E2,1.4639938E2,5.227605E1,2.4967505E1],"tree_param":{"num_deleted":"0","num_feature":"15","num_nodes":"15","size_leaf_vector":"1"}},{"base_weights":[-2.2618864E-3,-4.315894E-2,7.115174E-3,-1.2313028E-2,-9.271002E-3,2.4023244E-2,-3.832036E-1,-9.437216E-3,5.7012E-2,6.0916424E-4,-2.1227151E-2,2.4492012E-1,-5.537851E-6,1.170261E-2,-6.337891E-3],"categories":[],"categories_nodes":[],"categories_segments":[],"categories_sizes":[],"default_left":[0,0,0,0,0,0,0,0,0,0,0,0,0,0,0],"id":2,"left_children":[1,3,-1,-1,5,7,9,-1,11,-1,-1,13,-1,-1,-1],"loss_changes":[6.961802E0,7.4688396E0,0E0,0E0,7.1771116E0,5.757363E0,5.7270665E0,0E0,5.1971307E0,0E0,0E0,6.843045E0,0E0,0E0,0E0],"parents":[2147483647,0,0,1,1,4,4,5,5,6,6,8,8,11,11],"right_children":[2,4,-1,-1,6,8,10,-1,12,-1,-1,14,-1,-1,-1],"split_conditions":[8.8E1,-1.918241E0,7.115174E-3,-1.2313028E-2,1.964912E0,3.571E1,5.554E1,-9.437216E-3,7E1,6.0916424E-4,-2.1227151E-2,9.03226E-1,-5.537851E-6,1.170261E-2,-6.337891E-3],"split_indices":[7,12,0,0,12,6,6,0,7,0,0,12,0,0,0],"split_type":[0,0,0,0,0,0,0,0,0,0,0,0,0,0,0],"sum_hessian":[7.321267E2,6.2381885E2,1.0830789E2,5.2277103E1,5.7154175E2,5.26928E2,4.4613758E1,4.6287746E1,4.8064023E2,1.9991018E1,2.462274E1,1.1030229E2,3.7033795E2,8.5678116E1,2.4624176E1],"tree_param":{"num_deleted":"0","num_feature":"15","num_nodes":"15","size_leaf_vector":"1"}},{"base_weights":[-2.2992007E-3,-4.198134E-2,6.89174E-3,-1.1971663E-2,-9.09626E-3,2.324883E-2,-3.7304828E-1,5.9228076E-4,-2.0693896E-2,-9.172312E-3,5.5248857E-2,2.3716244E-1,-5.3648905E-6,1.1330498E-2,-6.164759E-3],"categories":[],"categories_nodes":[],"categories_segments":[],"categories_sizes":[],"default_left":[0,0,0,0,0,0,0,0,0,0,0,0,0,0,0],"id":3,"left_children":[1,3,-1,-1,5,9,7,-1,-1,-1,11,13,-1,-1,-1],"loss_changes":[6.545694E0,7.044517E0,0E0,0E0,6.7860837E0,5.4266253E0,5.4354625E0,0E0,0E0,0E0,4.8770504E0,6.434218E0,0E0,0E0,0E0],"parents":[2147483647,0,0,1,1,4,4,6,6,5,5,10,10,11,11],"right_children":[2,4,-1,-1,6,10,8,-1,-1,-1,12,14,-1,-1,-1],"split_conditions":[8.8E1,-1.918241E0,6.89174E-3,-1.1971663E-2,1.964912E0,3.571E1,5.554E1,5.9228076E-4,-2.0693896E-2,-9.172312E-3,7E1,9.03226E-1,-5.3648905E-6,1.1330498E-2,-6.164759E-3],"split_indices":[7,12,0,0,12,6,6,0,0,0,7,12,0,0,0],"split_type":[0,0,0,0,0,0,0,0,0,0,0,0,0,0,0],"sum_hessian":[7.3209424E2,6.236733E2,1.0842097E2,5.2168766E1,5.715045E2,5.2697375E2,4.4530743E1,1.9992935E1,2.4537807E1,4.6217026E1,4.807567E2,1.10419106E2,3.7033762E2,8.5819725E1,2.4599377E1],"tree_param":{"num_deleted":"0","num_feature":"15","num_nodes":"15","size_leaf_vector":"1"}},{"base_weights":[-2.332915E-3,-3.496307E-2,2.5570744E-1,-3.273049E-1,-2.0553073E-4,-4.2467552E-1,1.7965065E-2,9.802771E-3,-1.6670292E-2,-1.9517547E-2,3.112237E-1,2.0793902E-2,1.3753115E-1,-1.480832E-4,2.1592801E-2],"categories":[],"categories_nodes":[],"categories_segments":[],"categories_sizes":[],"default_left":[0,0,0,0,0,0,0,0,0,0,0,0,0,0,0],"id":4,"left_children":[1,3,9,5,-1,7,-1,-1,-1,-1,11,-1,13,-1,-1],"loss_changes":[6.203105E0,5.412508E0,4.539965E0,5.7022142E0,0E0,4.8418427E0,0E0,0E0,0E0,0E0,4.686886E0,0E0,4.5132895E0,0E0,0E0],"parents":[2147483647,0,0,1,1,3,3,5,5,2,2,10,10,12,12],"right_children":[2,4,10,6,-1,8,-1,-1,-1,-1,12,-1,14,-1,-1],"split_conditions":[8.9E1,-1.918241E0,3.289E1,5.359E1,-2.0553073E-4,3.265E1,1.7965065E-2,9.802771E-3,-1.6670292E-2,-1.9517547E-2,4.434E1,2.0793902E-2,6.1E1,-1.480832E-4,2.1592801E-2],"split_indices":[7,12,6,6,0,6,0,0,0,0,6,0,6,0,0],"split_type":[0,0,0,0,0,0,0,0,0,0,0,0,0,0,0],"sum_hessian":[7.320431E2,6.5186414E2,8.017898E1,5.522941E1,5.966347E2,5.1089085E1,4.1403246E0,6.052732E0,4.5036354E1,3.1875434E0,7.699143E1,2.2803194E1,5.4188236E1,4.5115997E1,9.072239E0],"tree_param":{"num_deleted":"0","num_feature":"15","num_nodes":"15","size_leaf_vector":"1"}},{"base_weights":[-2.1476683E-3,-3.9720904E-2,6.5123425E-3,-1.1328339E-2,-8.720147E-3,2.270465E-2,-3.63006E-1,5.8156473E-4,-6.4849126E-1,-8.909081E-3,5.37472E-2,-3.2701917E-2,-4.8422297E-3,6.875318E-4,1.1495108E-2],"categories":[],"categories_nodes":[],"categories_segments":[],"categories_sizes":[],"default_left":[0,0,0,0,0,0,0,0,0,0,0,0,0,0,0],"id":5,"left_children":[1,3,-1,-1,5,9,7,-1,11,-1,13,-1,-1,-1,-1],"loss_changes":[5.8549185E0,6.280667E0,0E0,0E0,6.4174337E0,5.115366E0,5.1601186E0,0E0,4.9180355E0,0E0,4.802242E0,0E0,0E0,0E0,0E0],"parents":[2147483647,0,0,1,1,4,4,6,6,5,5,8,8,10,10],"right_children":[2,4,-1,-1,6,10,8,-1,12,-1,14,-1,-1,-1,-1],"split_conditions":[8.8E1,-1.918241E0,6.5123425E-3,-1.1328339E-2,1.964912E0,3.571E1,5.554E1,5.8156473E-4,6.149E1,-8.909081E-3,2.6708E-1,-3.2701917E-2,-4.8422297E-3,6.875318E-4,1.1495108E-2],"split_indices":[7,12,0,0,12,6,6,0,6,0,11,0,0,0,0],"split_type":[0,0,0,0,0,0,0,0,0,0,0,0,0,0,0],"sum_hessian":[7.3199E2,6.2338806E2,1.08601944E2,5.1951077E1,5.7143695E2,5.269936E2,4.444339E1,1.999415E1,2.444924E1,4.614488E1,4.808487E2,1.1861317E1,1.2587923E1,4.3956033E2,4.1288345E1],"tree_param":{"num_deleted":"0","num_feature":"15","num_nodes":"15","size_leaf_vector":"1"}}]},"name":"gbtree"},"learner_model_param":{"base_score":"4.2295203E-1","boost_from_average":"1","num_class":"0","num_feature":"15","num_target":"1"},"objective":{"name":"binary:logistic",