{"learner":{"attributes":{},"feature_names":["category","market_type","indicator","trend_dir","score","rsi","body","ema50","ema200","atr","dist","relative_momentum","symbol_enc","side_enc","raw_market_type_enc"],"feature_types":["float","float","float","float","float","float","float","float","float","float","float","float","float","float","float"],"gradient_booster":{"model":{"gbtree_model_param":{"num_parallel_tree":"1","num_trees":"19"},"iteration_indptr":[0,1,2,3,4,5,6,7,8,9,10,11,12,13,14,15,16,17,18,19],"tree_info":[0,0,0,0,0,0,0,0,0,0,0,0,0,0,0,0,0,0,0],"trees":[{"base_weights":[-2.2910748E-2,-1.462796E-1,3.8383577E-2,2.3270966E-1,-1.09249465E-1,-1.3666564E-1,3.1509258E-2,5.9767812E-2,2.1228643E-1],"categories":[],"categories_nodes":[],"categories_segments":[],"categories_sizes":[],"default_left":[0,0,0,0,0,0,0,0,0],"id":0,"left_children":[1,-1,3,7,5,-1,-1,-1,-1],"loss_changes":[4.7509656E0,0E0,8.080043E0,1.8308201E0,2.8772836E0,0E0,0E0,0E0,0E0],"parents":[2147483647,0,0,2,2,4,4,3,3],"right_children":[2,-1,4,8,6,-1,-1,-1,-1],"split_conditions":[-1.098919E0,-1.462796E-1,1.78344E-1,7.8E1,1E0,-1.3666564E-1,3.1509258E-2,5.9767812E-2,2.1228643E-1],"split_indices":[11,0,11,6,13,0,0,0,0],"split_type":[0,0,0,0,0,0,0,0,0],"sum_hessian":[3.6196164E2,8.053647E1,2.8142517E2,1.21483376E2,1.599418E2,9.411003E1,6.583177E1,5.47467E1,6.673668E1],"tree_param":{"num_deleted":"0","num_feature":"15","num_nodes":"9","size_leaf_vector":"1"}},{"base_weights":[-1.1671371E-2,4.0732868E-2,-1.436144E-1,-2.8489681E-2,2.0046648E-1,-1.9532205E-1,1.3647492E-1,1.9185366E-1,-4.045263E-2,-1.8802243E-1,-4.748989E-2],"categories":[],"categories_nodes":[],"categories_segments":[],"categories_sizes":[],"default_left":[0,0,0,0,0,0,0,0,0,0,0],"id":1,"left_children":[1,3,-1,5,-1,9,7,-1,-1,-1,-1],"loss_changes":[4.1611114E0,5.711166E0,0E0,6.432601E0,0E0,1.4985585E0,4.139301E0,0E0,0E0,0E0,0E0],"parents":[2147483647,0,0,1,1,3,3,6,6,5,5],"right_children":[2,4,-1,6,-1,10,8,-1,-1,-1,-1],"split_conditions":[1.8203E-1,7.5E-4,-1.436144E-1,1E0,2.0046648E-1,8E1,5.162E1,1.9185366E-1,-4.045263E-2,-1.8802243E-1,-4.748989E-2],"split_indices":[10,9,0,13,0,6,5,0,0,0,0],"split_type":[0,0,0,0,0,0,0,0,0,0,0],"sum_hessian":[3.591633E2,2.9035846E2,6.880483E1,2.3351213E2,5.6846336E1,1.1610045E2,1.1741168E2,6.301416E1,5.439752E1,6.029642E1,5.580403E1],"tree_param":{"num_deleted":"0","num_feature":"15","num_nodes":"11","size_leaf_vector":"1"}},{"base_weights":[-8.101145E-3,-5.3071387E-2,1.19001344E-1,-1.1604772E-1,9.4791286E-2,-1.3388183E-2,-2.5972947E-1,-1.06596254E-1,1.2621696E-1],"categories":[],"categories_nodes":[],"categories_segments":[],"categories_sizes":[],"default_left":[0,0,0,0,0,0,0,0,0],"id":2,"left_children":[1,3,-1,5,-1,7,-1,-1,-1],"loss_changes":[3.2196357E0,3.7919345E0,0E0,6.9815416E0,0E0,5.801715E0,0E0,0E0,0E0],"parents":[2147483647,0,0,1,1,3,3,5,5],"right_children":[2,4,-1,6,-1,8,-1,-1,-1],"split_conditions":[5.968E1,1.8514078E2,1.19001344E-1,2.69E-3,9.4791286E-2,1.22E-3,-2.5972947E-1,-1.06596254E-1,1.2621696E-1],"split_indices":[5,8,0,10,0,10,0,0,0],"split_type":[0,0,0,0,0,0,0,0,0],"sum_hessian":[3.5632074E2,2.912106E2,6.511015E1,2.2322835E2,6.798224E1,1.6705147E2,5.617689E1,9.6519325E1,7.0532135E1],"tree_param":{"num_deleted":"0","num_feature":"15","num_nodes":"9","size_leaf_vector":"1"}},{"base_weights":[-6.3539804E-3,1.3055666E-1,-7.007564E-2,-1.6397817E-1,-1.1682223E-2,1.02318615E-1,-7.854059E-2,5.695829E-2,-1.565174E-1],"categories":[],"categories_nodes":[],"categories_segments":[],"categories_sizes":[],"default_left":[0,0,0,0,0,0,0,0,0],"id":3,"left_children":[1,-1,3,-1,5,-1,7,-1,-1],"loss_changes":[4.930117E0,0E0,3.1363995E0,0E0,2.512746E0,0E0,4.601362E0,0E0,0E0],"parents":[2147483647,0,0,2,2,4,4,6,6],"right_children":[2,-1,4,-1,6,-1,8,-1,-1],"split_conditions":[2.9E-4,1.3055666E-1,1.35E-3,-1.6397817E-1,6.2E-4,1.02318615E-1,1E0,5.695829E-2,-1.565174E-1],"split_indices":[9,0,10,0,9,0,13,0,0],"split_type":[0,0,0,0,0,0,0,0,0],"sum_hessian":[3.5504977E2,8.029502E1,2.7475476E2,6.3089497E1,2.1166525E2,5.7879498E1,1.5378577E2,7.7833145E1,7.5952614E1],"tree_param":{"num_deleted":"0","num_feature":"15","num_nodes":"9","size_leaf_vector":"1"}},{"base_weights":[-4.977076E-3,-4.9186226E-2,6.3239895E-2,2.5554094E-2,-1.9146457E-1,-7.001564E-2,9.5423475E-2],"categories":[],"categories_nodes":[],"categories_segments":[],"categories_sizes":[],"default_left":[0,0,0,0,0,0,0],"id":4,"left_children":[1,3,-1,5,-1,-1,-1],"loss_changes":[1.6818336E0,4.89596E0,0E0,3.5002222E0,0E0,0E0,0E0],"parents":[2147483647,0,0,1,1,3,3],"right_children":[2,4,-1,6,-1,-1,-1],"split_conditions":[1.8405772E2,6.4E-4,6.3239895E-2,1E0,-1.9146457E-1,-7.001564E-2,9.5423475E-2],"split_indices":[8,9,0,13,0,0,0],"split_type":[0,0,0,0,0,0,0],"sum_hessian":[3.5404117E2,2.5086807E2,1.03173096E2,1.9506924E2,5.5798832E1,9.3901726E1,1.0116752E2],"tree_param":{"num_deleted":"0","num_feature":"15","num_nodes":"7","size_leaf_vector":"1"}},{"base_weights":[-3.7082152E-3,3.2223195E-2,-9.49495E-2,-4.319637E-2,1.0231638E-1,-9.071154E-2,3.305227E-2],"categories":[],"categories_nodes":[],"categories_segments":[],"categories_sizes":[],"default_left":[0,0,0,0,0,0,0],"id":5,"left_children":[1,3,-1,5,-1,-1,-1],"loss_changes":[1.8965877E0,2.8573713E0,0E0,1.8205014E0,0E0,0E0,0E0],"parents":[2147483647,0,0,1,1,3,3],"right_children":[2,4,-1,6,-1,-1,-1],"split_conditions":[1.7938E-1,8.3E1,-9.49495E-2,1E0,1.0231638E-1,-9.071154E-2,3.305227E-2],"split_indices":[10,6,0,13,0,0,0],"split_type":[0,0,0,0,0,0,0],"sum_hessian":[3.514372E2,2.8359436E2,6.784284E1,1.8123839E2,1.0235599E2,8.7450905E1,9.3787476E1],"tree_param":{"num_deleted":"0","num_feature":"15","num_nodes":"7","size_leaf_vector":"1"}},{"base_weights":[-2.5793617E-3,4.994976E-2,-8.669704E-2,1.137046E-1,-1.9155767E-2,-9.241418E-2,9.974607E-2],"categories":[],"categories_nodes":[],"categories_segments":[],"categories_sizes":[],"default_left":[0,0,0,0,0,0,0],"id":6,"left_children":[1,3,-1,-1,5,-1,-1],"loss_changes":[2.5315416E0,2.3484392E0,0E0,0E0,3.9448774E0,0E0,0E0],"parents":[2147483647,0,0,1,1,4,4],"right_children":[2,4,-1,-1,6,-1,-1],"split_conditions":[8.5E1,4.494E1,-8.669704E-2,1.137046E-1,2.43E-3,-9.241418E-2,9.974607E-2],"split_indices":[6,5,0,0,10,0,0],"split_type":[0,0,0,0,0,0,0],"sum_hessian":[3.4939124E2,2.530085E2,9.638275E1,8.595687E1,1.6705162E2,9.701777E1,7.003386E1],"tree_param":{"num_deleted":"0","num_feature":"15","num_nodes":"7","size_leaf_vector":"1"}},{"base_weights":[-2.4256308E-3,3.0179178E-2,-1.05990425E-1,-2.6804898E-2,7.900876E-2,5.7846278E-2,-1.3502263E-1,-5.0143957E-2,1.031003E-1],"categories":[],"categories_nodes":[],"categories_segments":[],"categories_sizes":[],"default_left":[0,0,0,0,0,0,0,0,0],"id":7,"left_children":[1,3,-1,5,-1,7,-1,-1,-1],"loss_changes":[1.9305801E0,1.6348293E0,0E0,3.012506E0,0E0,1.9546084E0,0E0,0E0,0E0],"parents":[2147483647,0,0,1,1,3,3,5,5],"right_children":[2,4,-1,6,-1,8,-1,-1,-1],"split_conditions":[7.888E-2,5.361E1,-1.05990425E-1,4.793E1,7.900876E-2,-7.02929E-1,-1.3502263E-1,-5.0143957E-2,1.031003E-1],"split_indices":[9,5,0,5,0,11,0,0,0],"split_type":[0,0,0,0,0,0,0,0,0],"sum_hessian":[3.4957608E2,2.931607E2,5.641536E1,1.8524449E2,1.0791622E2,1.285747E2,5.666978E1,5.6532585E1,7.204212E1],"tree_param":{"num_deleted":"0","num_feature":"15","num_nodes":"9","size_leaf_vector":"1"}},{"base_weights":[-2.3699105E-3,-3.5789568E-2,6.889841E-2,2.3032017E-2,-1.4013095E-1,-5.9329383E-2,8.038914E-2,6.4917505E-2,-1.2507288E-1],"categories":[],"categories_nodes":[],"categories_segments":[],"categories_sizes":[],"default_left":[0,0,0,0,0,0,0,0,0],"id":8,"left_children":[1,3,-1,5,-1,7,-1,-1,-1],"loss_changes":[1.328871E0,3.0360684E0,0E0,1.8233813E0,0E0,2.754058E0,0E0,0E0,0E0],"parents":[2147483647,0,0,1,1,3,3,5,5],"right_children":[2,4,-1,6,-1,8,-1,-1,-1],"split_conditions":[1.8551581E2,2.87E-3,6.889841E-2,4.6E-4,-1.4013095E-1,6.6E-4,8.038914E-2,6.4917505E-2,-1.2507288E-1],"split_indices":[8,10,0,9,0,10,0,0,0],"split_type":[0,0,0,0,0,0,0,0,0],