{"learner":{"attributes":{},"feature_names":["category","market_type","indicator","trend_dir","score","rsi","body","ema50","ema200","atr","dist","relative_momentum","symbol_enc","side_enc","raw_market_type_enc"],"feature_types":["float","float","float","float","float","float","float","float","float","float","float","float","float","float","float"],"gradient_booster":{"model":{"gbtree_model_param":{"num_parallel_tree":"1","num_trees":"7"},"iteration_indptr":[0,1,2,3,4,5,6,7],"tree_info":[0,0,0,0,0,0,0],"trees":[{"base_weights":[-1.9347256E-2,-1.3520451E-1,1.3842817E-1,-1.8905288E-1,1.777468E-2,-1.3112892E-2,-2.502482E-1,1.4546086E-2,1.8132399E-1],"categories":[],"categories_nodes":[],"categories_segments":[],"categories_sizes":[],"default_left":[0,0,0,0,0,0,0,0,0],"id":0,"left_children":[1,3,7,5,-1,-1,-1,-1,-1],"loss_changes":[2.8599937E0,8.191211E-1,2.8575516E-1,6.3238025E-1,0E0,0E0,0E0,0E0,0E0],"parents":[2147483647,0,0,1,1,3,3,2,2],"right_children":[2,4,8,6,-1,-1,-1,-1,-1],"split_conditions":[4E0,1.0011E-1,1.51E-3,5.202E1,1.777468E-2,-1.3112892E-2,-2.502482E-1,1.4546086E-2,1.8132399E-1],"split_indices":[3,10,10,5,0,0,0,0,0],"split_type":[0,0,0,0,0,0,0,0,0],"sum_hessian":[9.975932E1,5.985559E1,3.990373E1,3.9417095E1,2.0438496E1,1.8978601E1,2.0438496E1,1.9951864E1,1.9951864E1],"tree_param":{"num_deleted":"0","num_feature":"15","num_nodes":"9","size_leaf_vector":"1"}},{"base_weights":[-6.794842E-2,-2.0746692E-1,2.0941666E-1,-2.738004E-1,-3.886883E-2],"categories":[],"categories_nodes":[],"categories_segments":[],"categories_sizes":[],"default_left":[0,0,0,0,0],"id":1,"left_children":[1,3,-1,-1,-1],"loss_changes":[6.499285E0,8.730221E-1,0E0,0E0,0E0],"parents":[2147483647,0,0,1,1],"right_children":[2,4,-1,-1,-1],"split_conditions":[5.642E1,1E0,2.0941666E-1,-2.738004E-1,-3.886883E-2],"split_indices":[5,13,0,0,0],"split_type":[0,0,0,0,0],"sum_hessian":[1.08480354E2,7.688829E1,3.1592064E1,4.2605297E1,3.4282993E1],"tree_param":{"num_deleted":"0","num_feature":"15","num_nodes":"5","size_leaf_vector":"1"}},{"base_weights":[1.0022808E-1,3.0862513E-1,-1.1008413E-1,4.0174443E-1,1.1758793E-2,-2.0478773E-1,4.8434984E-2],"categories":[],"categories_nodes":[],"categories_segments":[],"categories_sizes":[],"default_left":[0,0,0,0,0,0,0],"id":2,"left_children":[1,3,5,-1,-1,-1,-1],"loss_changes":[6.828333E0,1.9303141E0,1.5902828E0,0E0,0E0,0E0,0E0],"parents":[2147483647,0,0,1,1,2,2],"right_children":[2,4,6,-1,-1,-1,-1],"split_conditions":[4.844E1,2.44E-3,8.1E1,4.0174443E-1,1.1758793E-2,-2.0478773E-1,4.8434984E-2],"split_indices":[5,10,6,0,0,0,0],"split_type":[0,0,0,0,0,0,0],"sum_hessian":[1.06033745E2,4.6696774E1,5.9336967E1,2.7995636E1,1.870114E1,3.2052036E1,2.728493E1],"tree_param":{"num_deleted":"0","num_feature":"15","num_nodes":"7","size_leaf_vector":"1"}},{"base_weights":[6.80215E-2,-1.9958542E-1,1.7385265E-1,3.8691938E-2,2.744601E-1,1.338059E-1,-1.0363604E-1],"categories":[],"categories_nodes":[],"categories_segments":[],"categories_sizes":[],"default_left":[0,0,0,0,0,0,0],"id":3,"left_children":[1,-1,3,5,-1,-1,-1],"loss_changes":[4.821131E0,0E0,1.2286825E0,1.479799E0,0E0,0E0,0E0],"parents":[2147483647,0,0,2,2,3,3],"right_children":[2,-1,4,6,-1,-1,-1],"split_conditions":[4.18E1,-1.9958542E-1,1.3878E0,1.17731E0,2.744601E-1,1.338059E-1,-1.0363604E-1],"split_indices":[5,0,7,8,0,0,0],"split_type":[0,0,0,0,0,0,0],"sum_hessian":[1.0789583E2,2.3526207E1,8.436962E1,5.258288E1,3.1786745E1,3.255237E1,2.0030508E1],"tree_param":{"num_deleted":"0","num_feature":"15","num_nodes":"7","size_leaf_vector":"1"}},{"base_weights":[-7.164632E-2,1.5082896E-1,-1.6758741E-1,1.2466554E-2,-3.045593E-1,-9.210528E-2,1.17173724E-1],"categories":[],"categories_nodes":[],"categories_segments":[],"categories_sizes":[],"default_left":[0,0,0,0,0,0,0],"id":4,"left_children":[1,-1,3,5,-1,-1,-1],"loss_changes":[3.6152792E0,0E0,2.7828934E0,1.1100391E0,0E0,0E0,0E0],"parents":[2147483647,0,0,2,2,3,3],"right_children":[2,-1,4,6,-1,-1,-1],"split_conditions":[7.5E1,1.5082896E-1,2.18E-3,8.8809E-1,-3.045593E-1,-9.210528E-2,1.17173724E-1],"split_indices":[6,0,10,8,0,0,0],"split_type":[0,0,0,0,0,0,0],"sum_hessian":[1.0817834E2,2.7745039E1,8.04333E1,4.5733585E1,3.469971E1,2.4537403E1,2.1196184E1],"tree_param":{"num_deleted":"0","num_feature":"15","num_nodes":"7","size_leaf_vector":"1"}},{"base_weights":[7.858575E-2,2.6736158E-1,-7.233112E-2,8.707041E-2,-2.0475602E-1],"categories":[],"categories_nodes":[],"categories_segments":[],"categories_sizes":[],"default_left":[0,0,0,0,0],"id":5,"left_children":[1,-1,3,-1,-1],"loss_changes":[4.3906755E0,0E0,2.5495703E0,0E0,0E0],"parents":[2147483647,0,0,2,2],"right_children":[2,-1,4,-1,-1],"split_conditions":[5.5E1,2.6736158E-1,-1.22538E-1,8.707041E-2,-2.0475602E-1],"split_indices":[4,0,11,0,0],"split_type":[0,0,0,0,0],"sum_hessian":[1.0703773E2,3.79696E1,6.906812E1,3.5673496E1,3.339463E1],"tree_param":{"num_deleted":"0","num_feature":"15","num_nodes":"5","size_leaf_vector":"1"}},{"base_weights":[-1.0950147E-1,-1.949201E-1,3.5242133E-2,-9.0475865E-2,1.6030222E-1,7.636534E-3,-2.636926E-1],"categories":[],"categories_nodes":[],"categories_segments":[],"categories_sizes":[],"default_left":[0,0,0,0,0,0,0],"id":6,"left_children":[1,5,3,-1,-1,-1,-1],"loss_changes":[1.8014283E0,1.2575517E0,1.5382143E0,0E0,0E0,0E0,0E0],"parents":[2147483647,0,0,2,2,1,1],"right_children":[2,6,4,-1,-1,-1,-1],"split_conditions":[1.37271E0,2.9E-4,3E0,-9.0475865E-2,1.6030222E-1,7.636534E-3,-2.636926E-1],"split_indices":[7,9,3,0,0,0,0],"split_type":[0,0,0,0,0,0,0],"sum_hessian":[1.020355E2,5.808843E1,4.394707E1,2.5753498E1,1.8193573E1,2.1011936E1,3.7076492E1],"tree_param":{"num_deleted":"0","num_feature":"15","num_nodes":"7","size_leaf_vector":"1"}}]},"name":"gbtree"},"learner_model_param":{"base_score":"4.1824058E-1","boost_from_average":"1","num_class":"0","num_feature":"15","num_target":"1"},"objective":{"name":"binary:logistic","reg_loss_param":{"scale_pos_weight":"1"}}},"version":[2,1,4]}